1	股票名称业绩	股票名称业绩
0	股票名称业绩	如何开户
1	股票名称业绩	股票名称业绩
0	股票名称业绩	如何开户
1	股票名称成本	股票名称成本
0	股票名称成本	如何开户
1	股票名称成本	股票名称成本
0	股票名称成本	如何开户
1	股票名称换手率	股票名称换手率
0	股票名称换手率	如何开户
1	股票名称换手率	股票名称换手率
0	股票名称换手率	如何开户
1	股票名称成交量	股票名称成交量
0	股票名称成交量	如何开户
1	股票名称成交量	股票名称成交量
0	股票名称成交量	如何开户
1	股票名称成交额	股票名称成交额
0	股票名称成交额	如何开户
1	股票名称成交额	股票名称成交额
0	股票名称成交额	如何开户
1	股票名称最大值	股票名称最大值
0	股票名称最大值	如何开户
1	股票名称最大价	股票名称最大值
0	股票名称最大价	如何开户
1	股票名称最大价格	股票名称最大值
0	股票名称最大价格	如何开户
1	股票名称最大值	股票名称最大值
0	股票名称最大值	如何开户
1	股票名称最大价	股票名称最大值
0	股票名称最大价	如何开户
1	股票名称最大价格	股票名称最大值
0	股票名称最大价格	如何开户
1	股票名称最小值	股票名称最小值
0	股票名称最小值	如何开户
1	股票名称最小价	股票名称最小值
0	股票名称最小价	如何开户
1	股票名称最小价格	股票名称最小值
0	股票名称最小价格	如何开户
1	股票名称最小值	股票名称最小值
0	股票名称最小值	如何开户
1	股票名称最小价	股票名称最小值
0	股票名称最小价	如何开户
1	股票名称最小价格	股票名称最小值
0	股票名称最小价格	如何开户
1	股票名称市值	股票名称市值
0	股票名称市值	如何开户
1	股票名称市值	股票名称市值
0	股票名称市值	如何开户
1	股票名称压力位	股票名称压力位
0	股票名称压力位	如何开户
1	股票名称压力价格	股票名称压力位
0	股票名称压力价格	如何开户
1	股票名称压力多少	股票名称压力位
0	股票名称压力多少	如何开户
1	股票名称压力位	股票名称压力位
0	股票名称压力位	如何开户
1	股票名称压力价格	股票名称压力位
0	股票名称压力价格	如何开户
1	股票名称压力多少	股票名称压力位
0	股票名称压力多少	如何开户
1	股票名称支撑位	股票名称支撑位
0	股票名称支撑位	如何开户
1	股票名称支撑价格	股票名称支撑位
0	股票名称支撑价格	如何开户
1	股票名称支撑位	股票名称支撑位
0	股票名称支撑位	如何开户
1	股票名称支撑价格	股票名称支撑位
0	股票名称支撑价格	如何开户
1	股票名称全称	股票名称全称
0	股票名称全称	如何开户
1	股票名称名称	股票名称全称
0	股票名称名称	如何开户
1	股票名称全称	股票名称全称
0	股票名称全称	如何开户
1	股票名称名称	股票名称全称
0	股票名称名称	如何开户
1	股票名称地区	股票名称地区
0	股票名称地区	如何开户
1	股票名称哪里	股票名称地区
0	股票名称哪里	如何开户
1	股票名称什么省	股票名称地区
0	股票名称什么省	如何开户
1	股票名称什么市	股票名称地区
0	股票名称什么市	如何开户
1	股票名称所在地	股票名称地区
0	股票名称所在地	如何开户
1	股票名称地区	股票名称地区
0	股票名称地区	如何开户
1	股票名称哪里	股票名称地区
0	股票名称哪里	如何开户
1	股票名称什么省	股票名称地区
0	股票名称什么省	如何开户
1	股票名称什么市	股票名称地区
0	股票名称什么市	如何开户
1	股票名称所在地	股票名称地区
0	股票名称所在地	如何开户
1	股票名称行业	股票名称行业
0	股票名称行业	如何开户
1	股票名称行业	股票名称行业
0	股票名称行业	如何开户
1	股票名称概念	股票名称概念
0	股票名称概念	如何开户
1	股票名称概念	股票名称概念
0	股票名称概念	如何开户
1	股票名称业务	股票名称业务
0	股票名称业务	如何开户
1	股票名称做什么	股票名称业务
0	股票名称做什么	如何开户
1	股票名称业务	股票名称业务
0	股票名称业务	如何开户
1	股票名称做什么	股票名称业务
0	股票名称做什么	如何开户
1	股票名称上市日期	股票名称上市日期
0	股票名称上市日期	如何开户
1	股票名称上市年份	股票名称上市日期
0	股票名称上市年份	如何开户
1	股票名称上市日期	股票名称上市日期
0	股票名称上市日期	如何开户
1	股票名称上市年份	股票名称上市日期
0	股票名称上市年份	如何开户
1	股票名称发行数量	股票名称发行数量
0	股票名称发行数量	如何开户
1	股票名称发行股份	股票名称发行数量
0	股票名称发行股份	如何开户
1	股票名称发行数量	股票名称发行数量
0	股票名称发行数量	如何开户
1	股票名称发行股份	股票名称发行数量
0	股票名称发行股份	如何开户
1	股票名称发行价格	股票名称发行价格
0	股票名称发行价格	如何开户
1	股票名称发行价格	股票名称发行价格
0	股票名称发行价格	如何开户
1	股票名称复牌	股票名称复牌
0	股票名称复牌	如何开户
1	股票名称复牌	股票名称复牌
0	股票名称复牌	如何开户
1	股票名称停牌	股票名称停牌
0	股票名称停牌	如何开户
1	股票名称停牌	股票名称停牌
0	股票名称停牌	如何开户
1	股票名称股本	股票名称股本
0	股票名称股本	如何开户
1	股票名称股本	股票名称股本
0	股票名称股本	如何开户
1	股票名称流通股本	股票名称流通股本
0	股票名称流通股本	如何开户
1	股票名称流通股票	股票名称流通股本
0	股票名称流通股票	如何开户
1	股票名称流通股本	股票名称流通股本
0	股票名称流通股本	如何开户
1	股票名称流通股票	股票名称流通股本
0	股票名称流通股票	如何开户
1	股票名称股东数量	股票名称股东数量
0	股票名称股东数量	如何开户
1	股票名称股东数量	股票名称股东数量
0	股票名称股东数量	如何开户
1	股票名称每股收益	股票名称每股收益
0	股票名称每股收益	如何开户
1	股票名称每股收益	股票名称每股收益
0	股票名称每股收益	如何开户
1	股票名称净利润	股票名称净利润
0	股票名称净利润	如何开户
1	股票名称净利润	股票名称净利润
0	股票名称净利润	如何开户
1	股票名称净利润增长率	股票名称净利润增长率
0	股票名称净利润增长率	如何开户
1	股票名称净利润增长率	股票名称净利润增长率
0	股票名称净利润增长率	如何开户
1	股票名称主营收入	股票名称主营收入
0	股票名称主营收入	如何开户
1	股票名称营业收入	股票名称主营收入
0	股票名称营业收入	如何开户
1	股票名称营收	股票名称主营收入
0	股票名称营收	如何开户
1	股票名称主营收入	股票名称主营收入
0	股票名称主营收入	如何开户
1	股票名称营业收入	股票名称主营收入
0	股票名称营业收入	如何开户
1	股票名称营收	股票名称主营收入
0	股票名称营收	如何开户
1	股票名称主营收入增长率	股票名称主营收入增长率
0	股票名称主营收入增长率	如何开户
1	股票名称营业收入增长率	股票名称主营收入增长率
0	股票名称营业收入增长率	如何开户
1	股票名称营收增长率	股票名称主营收入增长率
0	股票名称营收增长率	如何开户
1	股票名称主营收入增长率	股票名称主营收入增长率
0	股票名称主营收入增长率	如何开户
1	股票名称营业收入增长率	股票名称主营收入增长率
0	股票名称营业收入增长率	如何开户
1	股票名称营收增长率	股票名称主营收入增长率
0	股票名称营收增长率	如何开户
1	股票名称每股净资产	股票名称每股净资产
0	股票名称每股净资产	如何开户
1	股票名称每股净资产	股票名称每股净资产
0	股票名称每股净资产	如何开户
1	股票名称净资产收益率	股票名称净资产收益率
0	股票名称净资产收益率	如何开户
1	股票名称净资产收益率	股票名称净资产收益率
0	股票名称净资产收益率	如何开户
1	股票名称市净率	股票名称市净率
0	股票名称市净率	如何开户
1	股票名称市净率	股票名称市净率
0	股票名称市净率	如何开户
1	股票名称市盈率	股票名称市盈率
0	股票名称市盈率	如何开户
1	股票名称市盈率	股票名称市盈率
0	股票名称市盈率	如何开户
1	华盛顿如何	华盛顿如何
0	华盛顿如何	如何开户
1	华盛顿如何操作	华盛顿如何
0	华盛顿如何操作	如何开户
1	华盛顿买	华盛顿如何
0	华盛顿买	如何开户
1	华盛顿卖	华盛顿如何
0	华盛顿卖	如何开户
1	华盛顿后市	华盛顿如何
0	华盛顿后市	如何开户
1	华盛顿后市如何	华盛顿如何
0	华盛顿后市如何	如何开户
1	华盛顿走势	华盛顿如何
0	华盛顿走势	如何开户
1	华盛顿建议	华盛顿如何
0	华盛顿建议	如何开户
1	华盛顿维持多久	华盛顿如何
0	华盛顿维持多久	如何开户
1	华盛顿持有	华盛顿如何
0	华盛顿持有	如何开户
1	华盛顿建仓	华盛顿如何
0	华盛顿建仓	如何开户
1	华盛顿清仓	华盛顿如何
0	华盛顿清仓	如何开户
1	华盛顿抄底	华盛顿如何
0	华盛顿抄底	如何开户
1	华盛顿介入	华盛顿如何
0	华盛顿介入	如何开户
1	华盛顿是走是留	华盛顿如何
0	华盛顿是走是留	如何开户
1	华盛顿是去是留	华盛顿如何
0	华盛顿是去是留	如何开户
1	华盛顿坚持	华盛顿如何
0	华盛顿坚持	如何开户
1	华盛顿上涨	华盛顿如何
0	华盛顿上涨	如何开户
1	华盛顿下跌	华盛顿如何
0	华盛顿下跌	如何开户
1	华盛顿分析	华盛顿如何
0	华盛顿分析	如何开户
1	华盛顿意见	华盛顿如何
0	华盛顿意见	如何开户
1	华盛顿解套	华盛顿如何
0	华盛顿解套	如何开户
1	华盛顿被套	华盛顿如何
0	华盛顿被套	如何开户
1	华盛顿能不能进	华盛顿如何
0	华盛顿能不能进	如何开户
1	华盛顿出来	华盛顿如何
0	华盛顿出来	如何开户
1	华盛顿看法	华盛顿如何
0	华盛顿看法	如何开户
1	华盛顿走向	华盛顿如何
0	华盛顿走向	如何开户
1	华盛顿处理	华盛顿如何
0	华盛顿处理	如何开户
1	华盛顿进入	华盛顿如何
0	华盛顿进入	如何开户
1	华盛顿持股	华盛顿如何
0	华盛顿持股	如何开户
1	华盛顿潜力	华盛顿如何
0	华盛顿潜力	如何开户
1	华盛顿涨停	华盛顿如何
0	华盛顿涨停	如何开户
1	华盛顿跌停	华盛顿如何
0	华盛顿跌停	如何开户
1	华盛顿高开	华盛顿如何
0	华盛顿高开	如何开户
1	华盛顿低走	华盛顿如何
0	华盛顿低走	如何开户
1	华盛顿高开低走	华盛顿如何
0	华盛顿高开低走	如何开户
1	华盛顿操作成本	华盛顿如何
0	华盛顿操作成本	如何开户
1	华盛顿建议如何	华盛顿如何
0	华盛顿建议如何	如何开户
1	华盛顿重买上涨	华盛顿如何
0	华盛顿重买上涨	如何开户
1	华盛顿重买下跌	华盛顿如何
0	华盛顿重买下跌	如何开户
1	华盛顿卖出	华盛顿如何
0	华盛顿卖出	如何开户
1	华盛顿如何	华盛顿如何
0	华盛顿如何	如何开户
1	华盛顿如何操作	华盛顿如何
0	华盛顿如何操作	如何开户
1	华盛顿买	华盛顿如何
0	华盛顿买	如何开户
1	华盛顿卖	华盛顿如何
0	华盛顿卖	如何开户
1	华盛顿后市	华盛顿如何
0	华盛顿后市	如何开户
1	华盛顿后市如何	华盛顿如何
0	华盛顿后市如何	如何开户
1	华盛顿走势	华盛顿如何
0	华盛顿走势	如何开户
1	华盛顿建议	华盛顿如何
0	华盛顿建议	如何开户
1	华盛顿维持多久	华盛顿如何
0	华盛顿维持多久	如何开户
1	华盛顿持有	华盛顿如何
0	华盛顿持有	如何开户
1	华盛顿建仓	华盛顿如何
0	华盛顿建仓	如何开户
1	华盛顿清仓	华盛顿如何
0	华盛顿清仓	如何开户
1	华盛顿抄底	华盛顿如何
0	华盛顿抄底	如何开户
1	华盛顿介入	华盛顿如何
0	华盛顿介入	如何开户
1	华盛顿是走是留	华盛顿如何
0	华盛顿是走是留	如何开户
1	华盛顿是去是留	华盛顿如何
0	华盛顿是去是留	如何开户
1	华盛顿坚持	华盛顿如何
0	华盛顿坚持	如何开户
1	华盛顿上涨	华盛顿如何
0	华盛顿上涨	如何开户
1	华盛顿下跌	华盛顿如何
0	华盛顿下跌	如何开户
1	华盛顿分析	华盛顿如何
0	华盛顿分析	如何开户
1	华盛顿意见	华盛顿如何
0	华盛顿意见	如何开户
1	华盛顿解套	华盛顿如何
0	华盛顿解套	如何开户
1	华盛顿被套	华盛顿如何
0	华盛顿被套	如何开户
1	华盛顿能不能进	华盛顿如何
0	华盛顿能不能进	如何开户
1	华盛顿出来	华盛顿如何
0	华盛顿出来	如何开户
1	华盛顿看法	华盛顿如何
0	华盛顿看法	如何开户
1	华盛顿走向	华盛顿如何
0	华盛顿走向	如何开户
1	华盛顿处理	华盛顿如何
0	华盛顿处理	如何开户
1	华盛顿进入	华盛顿如何
0	华盛顿进入	如何开户
1	华盛顿持股	华盛顿如何
0	华盛顿持股	如何开户
1	华盛顿潜力	华盛顿如何
0	华盛顿潜力	如何开户
1	华盛顿涨停	华盛顿如何
0	华盛顿涨停	如何开户
1	华盛顿跌停	华盛顿如何
0	华盛顿跌停	如何开户
1	华盛顿高开	华盛顿如何
0	华盛顿高开	如何开户
1	华盛顿低走	华盛顿如何
0	华盛顿低走	如何开户
1	华盛顿高开低走	华盛顿如何
0	华盛顿高开低走	如何开户
1	华盛顿操作成本	华盛顿如何
0	华盛顿操作成本	如何开户
1	华盛顿建议如何	华盛顿如何
0	华盛顿建议如何	如何开户
1	华盛顿重买上涨	华盛顿如何
0	华盛顿重买上涨	如何开户
1	华盛顿重买下跌	华盛顿如何
0	华盛顿重买下跌	如何开户
1	华盛顿卖出	华盛顿如何
0	华盛顿卖出	如何开户
1	彭定康如何	彭定康如何
0	彭定康如何	如何开户
1	彭定康如何操作	彭定康如何
0	彭定康如何操作	如何开户
1	彭定康买	彭定康如何
0	彭定康买	如何开户
1	彭定康卖	彭定康如何
0	彭定康卖	如何开户
1	彭定康后市	彭定康如何
0	彭定康后市	如何开户
1	彭定康后市如何	彭定康如何
0	彭定康后市如何	如何开户
1	彭定康走势	彭定康如何
0	彭定康走势	如何开户
1	彭定康建议	彭定康如何
0	彭定康建议	如何开户
1	彭定康维持多久	彭定康如何
0	彭定康维持多久	如何开户
1	彭定康持有	彭定康如何
0	彭定康持有	如何开户
1	彭定康建仓	彭定康如何
0	彭定康建仓	如何开户
1	彭定康清仓	彭定康如何
0	彭定康清仓	如何开户
1	彭定康抄底	彭定康如何
0	彭定康抄底	如何开户
1	彭定康介入	彭定康如何
0	彭定康介入	如何开户
1	彭定康是走是留	彭定康如何
0	彭定康是走是留	如何开户
1	彭定康是去是留	彭定康如何
0	彭定康是去是留	如何开户
1	彭定康坚持	彭定康如何
0	彭定康坚持	如何开户
1	彭定康上涨	彭定康如何
0	彭定康上涨	如何开户
1	彭定康下跌	彭定康如何
0	彭定康下跌	如何开户
1	彭定康分析	彭定康如何
0	彭定康分析	如何开户
1	彭定康意见	彭定康如何
0	彭定康意见	如何开户
1	彭定康解套	彭定康如何
0	彭定康解套	如何开户
1	彭定康被套	彭定康如何
0	彭定康被套	如何开户
1	彭定康能不能进	彭定康如何
0	彭定康能不能进	如何开户
1	彭定康出来	彭定康如何
0	彭定康出来	如何开户
1	彭定康看法	彭定康如何
0	彭定康看法	如何开户
1	彭定康走向	彭定康如何
0	彭定康走向	如何开户
1	彭定康处理	彭定康如何
0	彭定康处理	如何开户
1	彭定康进入	彭定康如何
0	彭定康进入	如何开户
1	彭定康持股	彭定康如何
0	彭定康持股	如何开户
1	彭定康潜力	彭定康如何
0	彭定康潜力	如何开户
1	彭定康涨停	彭定康如何
0	彭定康涨停	如何开户
1	彭定康跌停	彭定康如何
0	彭定康跌停	如何开户
1	彭定康高开	彭定康如何
0	彭定康高开	如何开户
1	彭定康低走	彭定康如何
0	彭定康低走	如何开户
1	彭定康高开低走	彭定康如何
0	彭定康高开低走	如何开户
1	彭定康操作成本	彭定康如何
0	彭定康操作成本	如何开户
1	彭定康建议如何	彭定康如何
0	彭定康建议如何	如何开户
1	彭定康重买上涨	彭定康如何
0	彭定康重买上涨	如何开户
1	彭定康重买下跌	彭定康如何
0	彭定康重买下跌	如何开户
1	彭定康卖出	彭定康如何
0	彭定康卖出	如何开户
1	彭定康如何	彭定康如何
0	彭定康如何	如何开户
1	彭定康如何操作	彭定康如何
0	彭定康如何操作	如何开户
1	彭定康买	彭定康如何
0	彭定康买	如何开户
1	彭定康卖	彭定康如何
0	彭定康卖	如何开户
1	彭定康后市	彭定康如何
0	彭定康后市	如何开户
1	彭定康后市如何	彭定康如何
0	彭定康后市如何	如何开户
1	彭定康走势	彭定康如何
0	彭定康走势	如何开户
1	彭定康建议	彭定康如何
0	彭定康建议	如何开户
1	彭定康维持多久	彭定康如何
0	彭定康维持多久	如何开户
1	彭定康持有	彭定康如何
0	彭定康持有	如何开户
1	彭定康建仓	彭定康如何
0	彭定康建仓	如何开户
1	彭定康清仓	彭定康如何
0	彭定康清仓	如何开户
1	彭定康抄底	彭定康如何
0	彭定康抄底	如何开户
1	彭定康介入	彭定康如何
0	彭定康介入	如何开户
1	彭定康是走是留	彭定康如何
0	彭定康是走是留	如何开户
1	彭定康是去是留	彭定康如何
0	彭定康是去是留	如何开户
1	彭定康坚持	彭定康如何
0	彭定康坚持	如何开户
1	彭定康上涨	彭定康如何
0	彭定康上涨	如何开户
1	彭定康下跌	彭定康如何
0	彭定康下跌	如何开户
1	彭定康分析	彭定康如何
0	彭定康分析	如何开户
1	彭定康意见	彭定康如何
0	彭定康意见	如何开户
1	彭定康解套	彭定康如何
0	彭定康解套	如何开户
1	彭定康被套	彭定康如何
0	彭定康被套	如何开户
1	彭定康能不能进	彭定康如何
0	彭定康能不能进	如何开户
1	彭定康出来	彭定康如何
0	彭定康出来	如何开户
1	彭定康看法	彭定康如何
0	彭定康看法	如何开户
1	彭定康走向	彭定康如何
0	彭定康走向	如何开户
1	彭定康处理	彭定康如何
0	彭定康处理	如何开户
1	彭定康进入	彭定康如何
0	彭定康进入	如何开户
1	彭定康持股	彭定康如何
0	彭定康持股	如何开户
1	彭定康潜力	彭定康如何
0	彭定康潜力	如何开户
1	彭定康涨停	彭定康如何
0	彭定康涨停	如何开户
1	彭定康跌停	彭定康如何
0	彭定康跌停	如何开户
1	彭定康高开	彭定康如何
0	彭定康高开	如何开户
1	彭定康低走	彭定康如何
0	彭定康低走	如何开户
1	彭定康高开低走	彭定康如何
0	彭定康高开低走	如何开户
1	彭定康操作成本	彭定康如何
0	彭定康操作成本	如何开户
1	彭定康建议如何	彭定康如何
0	彭定康建议如何	如何开户
1	彭定康重买上涨	彭定康如何
0	彭定康重买上涨	如何开户
1	彭定康重买下跌	彭定康如何
0	彭定康重买下跌	如何开户
1	彭定康卖出	彭定康如何
0	彭定康卖出	如何开户
1	股票名称英文全称	股票名称英文全称
0	股票名称英文全称	如何开户
1	股票名称英文名称	股票名称英文全称
0	股票名称英文名称	如何开户
1	股票名称英文全称	股票名称英文全称
0	股票名称英文全称	如何开户
1	股票名称英文名称	股票名称英文全称
0	股票名称英文名称	如何开户
1	股票名称上市板块	股票名称上市板块
0	股票名称上市板块	如何开户
1	股票名称上市板块	股票名称上市板块
0	股票名称上市板块	如何开户
1	股票名称网址	股票名称网址
0	股票名称网址	如何开户
1	股票名称网站	股票名称网址
0	股票名称网站	如何开户
1	股票名称网址	股票名称网址
0	股票名称网址	如何开户
1	股票名称网站	股票名称网址
0	股票名称网站	如何开户
1	股票名称控股	股票名称控股
0	股票名称控股	如何开户
1	股票名称控股股东	股票名称控股
0	股票名称控股股东	如何开户
1	股票名称控股	股票名称控股
0	股票名称控股	如何开户
1	股票名称控股股东	股票名称控股
0	股票名称控股股东	如何开户
1	股票名称实际控制	股票名称实际控制
0	股票名称实际控制	如何开户
1	股票名称实际控制	股票名称实际控制
0	股票名称实际控制	如何开户
1	股票名称秘书	股票名称秘书
0	股票名称秘书	如何开户
1	股票名称董事长秘书	股票名称秘书
0	股票名称董事长秘书	如何开户
1	股票名称秘书	股票名称秘书
0	股票名称秘书	如何开户
1	股票名称董事长秘书	股票名称秘书
0	股票名称董事长秘书	如何开户
1	股票名称法人	股票名称法人
0	股票名称法人	如何开户
1	股票名称法人	股票名称法人
0	股票名称法人	如何开户
1	股票名称注册资金	股票名称注册资金
0	股票名称注册资金	如何开户
1	股票名称注册资金	股票名称注册资金
0	股票名称注册资金	如何开户
1	股票名称员工人数	股票名称员工人数
0	股票名称员工人数	如何开户
1	股票名称员工人数	股票名称员工人数
0	股票名称员工人数	如何开户
1	股票名称电话	股票名称电话
0	股票名称电话	如何开户
1	股票名称电话	股票名称电话
0	股票名称电话	如何开户
1	股票名称传真	股票名称传真
0	股票名称传真	如何开户
1	股票名称传真	股票名称传真
0	股票名称传真	如何开户
1	股票名称邮编	股票名称邮编
0	股票名称邮编	如何开户
1	股票名称邮政编码	股票名称邮编
0	股票名称邮政编码	如何开户
1	股票名称邮编	股票名称邮编
0	股票名称邮编	如何开户
1	股票名称邮政编码	股票名称邮编
0	股票名称邮政编码	如何开户
1	股票名称登记号	股票名称登记号
0	股票名称登记号	如何开户
1	股票名称登记号	股票名称登记号
0	股票名称登记号	如何开户
1	股票名称注册地址	股票名称注册地址
0	股票名称注册地址	如何开户
1	股票名称注册地址	股票名称注册地址
0	股票名称注册地址	如何开户
1	股票名称办公地址	股票名称办公地址
0	股票名称办公地址	如何开户
1	股票名称办公地址	股票名称办公地址
0	股票名称办公地址	如何开户
1	股票名称简介	股票名称简介
0	股票名称简介	如何开户
1	股票名称介绍	股票名称简介
0	股票名称介绍	如何开户
1	股票名称公司简介	股票名称简介
0	股票名称公司简介	如何开户
1	股票名称简介	股票名称简介
0	股票名称简介	如何开户
1	股票名称介绍	股票名称简介
0	股票名称介绍	如何开户
1	股票名称公司简介	股票名称简介
0	股票名称公司简介	如何开户
1	股票名称成立日期	股票名称成立日期
0	股票名称成立日期	如何开户
1	股票名称成立时间	股票名称成立日期
0	股票名称成立时间	如何开户
1	股票名称成立年	股票名称成立日期
0	股票名称成立年	如何开户
1	股票名称哪一年成立	股票名称成立日期
0	股票名称哪一年成立	如何开户
1	股票名称成立日期	股票名称成立日期
0	股票名称成立日期	如何开户
1	股票名称成立时间	股票名称成立日期
0	股票名称成立时间	如何开户
1	股票名称成立年	股票名称成立日期
0	股票名称成立年	如何开户
1	股票名称哪一年成立	股票名称成立日期
0	股票名称哪一年成立	如何开户
1	股票名称首日开盘价格	股票名称首日开盘价格
0	股票名称首日开盘价格	如何开户
1	股票名称首日开盘价格	股票名称首日开盘价格
0	股票名称首日开盘价格	如何开户
1	股票名称发行价格	股票名称发行价格
0	股票名称发行价格	如何开户
1	股票名称发行价	股票名称发行价格
0	股票名称发行价	如何开户
1	股票名称发行价格	股票名称发行价格
0	股票名称发行价格	如何开户
1	股票名称发行价	股票名称发行价格
0	股票名称发行价	如何开户
1	股票名称发行数量	股票名称发行数量
0	股票名称发行数量	如何开户
1	股票名称发行数量	股票名称发行数量
0	股票名称发行数量	如何开户
1	股票名称发行市盈率	股票名称发行市盈率
0	股票名称发行市盈率	如何开户
1	股票名称发行市盈率	股票名称发行市盈率
0	股票名称发行市盈率	如何开户
1	股票名称发行市净率	股票名称发行市净率
0	股票名称发行市净率	如何开户
1	股票名称发行市净率	股票名称发行市净率
0	股票名称发行市净率	如何开户
1	股票名称发行每股收益	股票名称发行每股收益
0	股票名称发行每股收益	如何开户
1	股票名称发行每股收益	股票名称发行每股收益
0	股票名称发行每股收益	如何开户
1	股票名称发行每股净资产	股票名称发行每股净资产
0	股票名称发行每股净资产	如何开户
1	股票名称发行每股净资产	股票名称发行每股净资产
0	股票名称发行每股净资产	如何开户
1	股票名称网下配售中签率	股票名称网下配售中签率
0	股票名称网下配售中签率	如何开户
1	股票名称网下配售中签率	股票名称网下配售中签率
0	股票名称网下配售中签率	如何开户
1	股票名称网上发行中签率	股票名称网上发行中签率
0	股票名称网上发行中签率	如何开户
1	股票名称网上发行中签率	股票名称网上发行中签率
0	股票名称网上发行中签率	如何开户
1	股票名称募集资金	股票名称募集资金
0	股票名称募集资金	如何开户
1	股票名称募集资金	股票名称募集资金
0	股票名称募集资金	如何开户
1	股票名称每股发行费用	股票名称每股发行费用
0	股票名称每股发行费用	如何开户
1	股票名称每股发行费用	股票名称每股发行费用
0	股票名称每股发行费用	如何开户
1	股票名称保荐人	股票名称保荐人
0	股票名称保荐人	如何开户
1	股票名称保荐人	股票名称保荐人
0	股票名称保荐人	如何开户
1	股票名称持股机构数	股票名称持股机构数
0	股票名称持股机构数	如何开户
1	股票名称持股机构多少家	股票名称持股机构数
0	股票名称持股机构多少家	如何开户
1	股票名称持股机构数	股票名称持股机构数
0	股票名称持股机构数	如何开户
1	股票名称持股机构多少家	股票名称持股机构数
0	股票名称持股机构多少家	如何开户
1	股票名称机构持股数量	股票名称机构持股数量
0	股票名称机构持股数量	如何开户
1	股票名称机构持股数量	股票名称机构持股数量
0	股票名称机构持股数量	如何开户
1	股票名称机构市值	股票名称机构市值
0	股票名称机构市值	如何开户
1	股票名称机构市值	股票名称机构市值
0	股票名称机构市值	如何开户
1	股票名称机构流通占比	股票名称机构流通占比
0	股票名称机构流通占比	如何开户
1	股票名称机构流通占比	股票名称机构流通占比
0	股票名称机构流通占比	如何开户
1	股票名称机构股本占比	股票名称机构股本占比
0	股票名称机构股本占比	如何开户
1	股票名称机构股本占比	股票名称机构股本占比
0	股票名称机构股本占比	如何开户
1	股票名称龙虎榜	股票名称龙虎榜
0	股票名称龙虎榜	如何开户
1	股票名称龙虎榜	股票名称龙虎榜
0	股票名称龙虎榜	如何开户
1	股票名称流通市值	股票名称流通市值
0	股票名称流通市值	如何开户
1	股票名称流通市值	股票名称流通市值
0	股票名称流通市值	如何开户
1	股票名称营业利润	股票名称营业利润
0	股票名称营业利润	如何开户
1	股票名称营业利润	股票名称营业利润
0	股票名称营业利润	如何开户
1	股票名称营业利润增长率	股票名称营业利润增长率
0	股票名称营业利润增长率	如何开户
1	股票名称营业利润增长率	股票名称营业利润增长率
0	股票名称营业利润增长率	如何开户
1	股票名称每股收益增长率	股票名称每股收益增长率
0	股票名称每股收益增长率	如何开户
1	股票名称每股收益增长率	股票名称每股收益增长率
0	股票名称每股收益增长率	如何开户
1	股票名称销售毛利率	股票名称销售毛利率
0	股票名称销售毛利率	如何开户
1	股票名称销售毛利率	股票名称销售毛利率
0	股票名称销售毛利率	如何开户
1	股票名称市销率	股票名称市销率
0	股票名称市销率	如何开户
1	股票名称市销率	股票名称市销率
0	股票名称市销率	如何开户
1	股票名称市现率	股票名称市现率
0	股票名称市现率	如何开户
1	股票名称市现率	股票名称市现率
0	股票名称市现率	如何开户
1	股票名称每股现金流量	股票名称每股现金流量
0	股票名称每股现金流量	如何开户
1	股票名称每股现金流量	股票名称每股现金流量
0	股票名称每股现金流量	如何开户
1	股票名称每股未分配利润	股票名称每股未分配利润
0	股票名称每股未分配利润	如何开户
1	股票名称每股未分配利润	股票名称每股未分配利润
0	股票名称每股未分配利润	如何开户
1	股票名称每股资本公积	股票名称每股资本公积
0	股票名称每股资本公积	如何开户
1	股票名称每股资本公积	股票名称每股资本公积
0	股票名称每股资本公积	如何开户
1	股票名称每股股利	股票名称每股股利
0	股票名称每股股利	如何开户
1	股票名称每股股利	股票名称每股股利
0	股票名称每股股利	如何开户
1	股票名称资产负债率	股票名称资产负债率
0	股票名称资产负债率	如何开户
1	股票名称资产负债率	股票名称资产负债率
0	股票名称资产负债率	如何开户
1	股票名称资产报酬率	股票名称资产报酬率
0	股票名称资产报酬率	如何开户
1	股票名称资产报酬率	股票名称资产报酬率
0	股票名称资产报酬率	如何开户
1	股票名称资产净利率	股票名称资产净利率
0	股票名称资产净利率	如何开户
1	股票名称资产净利率	股票名称资产净利率
0	股票名称资产净利率	如何开户
1	股票名称净资产	股票名称净资产
0	股票名称净资产	如何开户
1	股票名称净资产	股票名称净资产
0	股票名称净资产	如何开户
1	股票名称资本公积	股票名称资本公积
0	股票名称资本公积	如何开户
1	股票名称资本公积	股票名称资本公积
0	股票名称资本公积	如何开户
1	股票名称未分配利润	股票名称未分配利润
0	股票名称未分配利润	如何开户
1	股票名称未分配利润	股票名称未分配利润
0	股票名称未分配利润	如何开户
1	股票名称资产总计	股票名称资产总计
0	股票名称资产总计	如何开户
1	股票名称资产总计	股票名称资产总计
0	股票名称资产总计	如何开户
1	股票名称负债总计	股票名称负债总计
0	股票名称负债总计	如何开户
1	股票名称负债总计	股票名称负债总计
0	股票名称负债总计	如何开户
1	股票名称所有者权益总计	股票名称所有者权益总计
0	股票名称所有者权益总计	如何开户
1	股票名称所有者权益总计	股票名称所有者权益总计
0	股票名称所有者权益总计	如何开户
1	股票名称资产负债率	股票名称资产负债率
0	股票名称资产负债率	如何开户
1	股票名称资产负债率	股票名称资产负债率
0	股票名称资产负债率	如何开户
1	股票名称经营现金流量	股票名称经营现金流量
0	股票名称经营现金流量	如何开户
1	股票名称经营现金流量	股票名称经营现金流量
0	股票名称经营现金流量	如何开户
1	股票名称投资现金	股票名称投资现金
0	股票名称投资现金	如何开户
1	股票名称投资现金净量净额	股票名称投资现金
0	股票名称投资现金净量净额	如何开户
1	股票名称投资现金流量净额	股票名称投资现金
0	股票名称投资现金流量净额	如何开户
1	股票名称投资现金	股票名称投资现金
0	股票名称投资现金	如何开户
1	股票名称投资现金净量净额	股票名称投资现金
0	股票名称投资现金净量净额	如何开户
1	股票名称投资现金流量净额	股票名称投资现金
0	股票名称投资现金流量净额	如何开户
1	股票名称融资现金	股票名称融资现金
0	股票名称融资现金	如何开户
1	股票名称融资现金净量净额	股票名称融资现金
0	股票名称融资现金净量净额	如何开户
1	股票名称融资现金流量净额	股票名称融资现金
0	股票名称融资现金流量净额	如何开户
1	股票名称融资现金	股票名称融资现金
0	股票名称融资现金	如何开户
1	股票名称融资现金净量净额	股票名称融资现金
0	股票名称融资现金净量净额	如何开户
1	股票名称融资现金流量净额	股票名称融资现金
0	股票名称融资现金流量净额	如何开户
1	股票名称指标	股票名称指标
0	股票名称指标	如何开户
1	股票名称主要指标	股票名称指标
0	股票名称主要指标	如何开户
1	股票名称财务	股票名称指标
0	股票名称财务	如何开户
1	股票名称财务指标	股票名称指标
0	股票名称财务指标	如何开户
1	股票名称指标	股票名称指标
0	股票名称指标	如何开户
1	股票名称主要指标	股票名称指标
0	股票名称主要指标	如何开户
1	股票名称财务	股票名称指标
0	股票名称财务	如何开户
1	股票名称财务指标	股票名称指标
0	股票名称财务指标	如何开户
1	股票名称利润表	股票名称利润表
0	股票名称利润表	如何开户
1	股票名称利润表格	股票名称利润表
0	股票名称利润表格	如何开户
1	股票名称利润情况	股票名称利润表
0	股票名称利润情况	如何开户
1	股票名称利润表	股票名称利润表
0	股票名称利润表	如何开户
1	股票名称利润表格	股票名称利润表
0	股票名称利润表格	如何开户
1	股票名称利润情况	股票名称利润表
0	股票名称利润情况	如何开户
1	股票名称资产负债	股票名称资产负债
0	股票名称资产负债	如何开户
1	股票名称资产负债	股票名称资产负债
0	股票名称资产负债	如何开户
1	股票名称现金流量	股票名称现金流量
0	股票名称现金流量	如何开户
1	股票名称现金流量	股票名称现金流量
0	股票名称现金流量	如何开户
1	市盈率	市盈率
0	市盈率	如何开户
1	市盈率是什么	市盈率
0	市盈率是什么	如何开户
1	高开	市盈率
0	高开	如何开户
1	高开是什么	市盈率
0	高开是什么	如何开户
1	高开是什么意思	市盈率
0	高开是什么意思	如何开户
1	绩优股是什么	市盈率
0	绩优股是什么	如何开户
1	绩优股是什么意思	市盈率
0	绩优股是什么意思	如何开户
1	市盈率	市盈率
0	市盈率	如何开户
1	市盈率是什么	市盈率
0	市盈率是什么	如何开户
1	高开	市盈率
0	高开	如何开户
1	高开是什么	市盈率
0	高开是什么	如何开户
1	高开是什么意思	市盈率
0	高开是什么意思	如何开户
1	绩优股是什么	市盈率
0	绩优股是什么	如何开户
1	绩优股是什么意思	市盈率
0	绩优股是什么意思	如何开户
1	股票名称	股票名称
0	股票名称	如何开户
1	股票名称股票	股票名称
0	股票名称股票	如何开户
1	股票名称行情	股票名称
0	股票名称行情	如何开户
1	查找股票名称行情	股票名称
0	查找股票名称行情	如何开户
1	股票名称价格	股票名称
0	股票名称价格	如何开户
1	查找股票名称价格	股票名称
0	查找股票名称价格	如何开户
1	股票名称	股票名称
0	股票名称	如何开户
1	股票名称股票	股票名称
0	股票名称股票	如何开户
1	股票名称行情	股票名称
0	股票名称行情	如何开户
1	查找股票名称行情	股票名称
0	查找股票名称行情	如何开户
1	股票名称价格	股票名称
0	股票名称价格	如何开户
1	查找股票名称价格	股票名称
0	查找股票名称价格	如何开户
1	彭定康	彭定康
0	彭定康	如何开户
1	彭定康行情	彭定康
0	彭定康行情	如何开户
1	查找彭定康行情	彭定康
0	查找彭定康行情	如何开户
1	彭定康价格	彭定康
0	彭定康价格	如何开户
1	查找彭定康价格	彭定康
0	查找彭定康价格	如何开户
1	彭定康	彭定康
0	彭定康	如何开户
1	彭定康行情	彭定康
0	彭定康行情	如何开户
1	查找彭定康行情	彭定康
0	查找彭定康行情	如何开户
1	彭定康价格	彭定康
0	彭定康价格	如何开户
1	查找彭定康价格	彭定康
0	查找彭定康价格	如何开户
1	华盛顿	华盛顿
0	华盛顿	如何开户
1	华盛顿行情	华盛顿
0	华盛顿行情	如何开户
1	查找华盛顿行情	华盛顿
0	查找华盛顿行情	如何开户
1	华盛顿价格	华盛顿
0	华盛顿价格	如何开户
1	查找华盛顿价格	华盛顿
0	查找华盛顿价格	如何开户
1	华盛顿	华盛顿
0	华盛顿	如何开户
1	华盛顿行情	华盛顿
0	华盛顿行情	如何开户
1	查找华盛顿行情	华盛顿
0	查找华盛顿行情	如何开户
1	华盛顿价格	华盛顿
0	华盛顿价格	如何开户
1	查找华盛顿价格	华盛顿
0	查找华盛顿价格	如何开户
1	马尔萨斯	马尔萨斯
0	马尔萨斯	如何开户
1	马尔萨斯股票	马尔萨斯
0	马尔萨斯股票	如何开户
1	马尔萨斯行情	马尔萨斯
0	马尔萨斯行情	如何开户
1	查找马尔萨斯行情	马尔萨斯
0	查找马尔萨斯行情	如何开户
1	马尔萨斯价格	马尔萨斯
0	马尔萨斯价格	如何开户
1	查找马尔萨斯价格	马尔萨斯
0	查找马尔萨斯价格	如何开户
1	马尔萨斯	马尔萨斯
0	马尔萨斯	如何开户
1	马尔萨斯股票	马尔萨斯
0	马尔萨斯股票	如何开户
1	马尔萨斯行情	马尔萨斯
0	马尔萨斯行情	如何开户
1	查找马尔萨斯行情	马尔萨斯
0	查找马尔萨斯行情	如何开户
1	马尔萨斯价格	马尔萨斯
0	马尔萨斯价格	如何开户
1	查找马尔萨斯价格	马尔萨斯
0	查找马尔萨斯价格	如何开户
1	京津冀一体化	京津冀一体化
0	京津冀一体化	如何开户
1	京津冀一体化	京津冀一体化
0	京津冀一体化	如何开户
1	基因	基因
0	基因	如何开户
1	基因概念股	基因
0	基因概念股	如何开户
1	基因	基因
0	基因	如何开户
1	基因概念股	基因
0	基因概念股	如何开户
1	查找布政使	查找布政使
0	查找布政使	如何开户
1	查找布政使股票	查找布政使
0	查找布政使股票	如何开户
1	布政使行业	查找布政使
0	布政使行业	如何开户
1	布政使概念	查找布政使
0	布政使概念	如何开户
1	布政使概念股	查找布政使
0	布政使概念股	如何开户
1	布政使	查找布政使
0	布政使	如何开户
1	布政使什么	查找布政使
0	布政使什么	如何开户
1	布政使股票	查找布政使
0	布政使股票	如何开户
1	布政使如何	查找布政使
0	布政使如何	如何开户
1	布政使买	查找布政使
0	布政使买	如何开户
1	布政使什么公司	查找布政使
0	布政使什么公司	如何开户
1	布政使什么上市公司	查找布政使
0	布政使什么上市公司	如何开户
1	查找布政使	查找布政使
0	查找布政使	如何开户
1	查找布政使股票	查找布政使
0	查找布政使股票	如何开户
1	布政使行业	查找布政使
0	布政使行业	如何开户
1	布政使概念	查找布政使
0	布政使概念	如何开户
1	布政使概念股	查找布政使
0	布政使概念股	如何开户
1	布政使	查找布政使
0	布政使	如何开户
1	布政使什么	查找布政使
0	布政使什么	如何开户
1	布政使股票	查找布政使
0	布政使股票	如何开户
1	布政使如何	查找布政使
0	布政使如何	如何开户
1	布政使买	查找布政使
0	布政使买	如何开户
1	布政使什么公司	查找布政使
0	布政使什么公司	如何开户
1	布政使什么上市公司	查找布政使
0	布政使什么上市公司	如何开户
1	恒大	恒大
0	恒大	如何开户
1	恒大概念股	恒大
0	恒大概念股	如何开户
1	恒大	恒大
0	恒大	如何开户
1	恒大概念股	恒大
0	恒大概念股	如何开户
1	东北振兴	东北振兴
0	东北振兴	如何开户
1	什么股票东北振兴	东北振兴
0	什么股票东北振兴	如何开户
1	东北振兴	东北振兴
0	东北振兴	如何开户
1	什么股票东北振兴	东北振兴
0	什么股票东北振兴	如何开户
1	振兴新疆	振兴新疆
0	振兴新疆	如何开户
1	振兴新疆	振兴新疆
0	振兴新疆	如何开户
1	改革油气	改革油气
0	改革油气	如何开户
1	油品改革	改革油气
0	油品改革	如何开户
1	改革油气	改革油气
0	改革油气	如何开户
1	油品改革	改革油气
0	油品改革	如何开户
1	深汕	深汕
0	深汕	如何开户
1	深汕合作区	深汕
0	深汕合作区	如何开户
1	深汕特别合作区	深汕
0	深汕特别合作区	如何开户
1	深汕	深汕
0	深汕	如何开户
1	深汕合作区	深汕
0	深汕合作区	如何开户
1	深汕特别合作区	深汕
0	深汕特别合作区	如何开户
1	tesla	tesla
0	tesla	如何开户
1	tesla	tesla
0	tesla	如何开户
1	查找范式	查找范式
0	查找范式	如何开户
1	查找范式股票	查找范式
0	查找范式股票	如何开户
1	范式行业	查找范式
0	范式行业	如何开户
1	范式概念	查找范式
0	范式概念	如何开户
1	范式概念股	查找范式
0	范式概念股	如何开户
1	范式	查找范式
0	范式	如何开户
1	范式什么	查找范式
0	范式什么	如何开户
1	范式股票	查找范式
0	范式股票	如何开户
1	范式如何	查找范式
0	范式如何	如何开户
1	范式买	查找范式
0	范式买	如何开户
1	范式行业明细	查找范式
0	范式行业明细	如何开户
1	范式持股	查找范式
0	范式持股	如何开户
1	查找范式	查找范式
0	查找范式	如何开户
1	查找范式股票	查找范式
0	查找范式股票	如何开户
1	范式行业	查找范式
0	范式行业	如何开户
1	范式概念	查找范式
0	范式概念	如何开户
1	范式概念股	查找范式
0	范式概念股	如何开户
1	范式	查找范式
0	范式	如何开户
1	范式什么	查找范式
0	范式什么	如何开户
1	范式股票	查找范式
0	范式股票	如何开户
1	范式如何	查找范式
0	范式如何	如何开户
1	范式买	查找范式
0	范式买	如何开户
1	范式行业明细	查找范式
0	范式行业明细	如何开户
1	范式持股	查找范式
0	范式持股	如何开户
1	千年大计	千年大计
0	千年大计	如何开户
1	千年大计	千年大计
0	千年大计	如何开户
1	股票名称如何	股票名称如何
0	股票名称如何	如何开户
1	股票名称如何操作	股票名称如何
0	股票名称如何操作	如何开户
1	股票名称买	股票名称如何
0	股票名称买	如何开户
1	股票名称卖	股票名称如何
0	股票名称卖	如何开户
1	股票名称后市	股票名称如何
0	股票名称后市	如何开户
1	股票名称后市如何	股票名称如何
0	股票名称后市如何	如何开户
1	股票名称走势	股票名称如何
0	股票名称走势	如何开户
1	股票名称建议	股票名称如何
0	股票名称建议	如何开户
1	股票名称维持多久	股票名称如何
0	股票名称维持多久	如何开户
1	股票名称持有	股票名称如何
0	股票名称持有	如何开户
1	股票名称建仓	股票名称如何
0	股票名称建仓	如何开户
1	股票名称清仓	股票名称如何
0	股票名称清仓	如何开户
1	股票名称抄底	股票名称如何
0	股票名称抄底	如何开户
1	股票名称介入	股票名称如何
0	股票名称介入	如何开户
1	股票名称是走是留	股票名称如何
0	股票名称是走是留	如何开户
1	股票名称是去是留	股票名称如何
0	股票名称是去是留	如何开户
1	股票名称坚持	股票名称如何
0	股票名称坚持	如何开户
1	股票名称上涨	股票名称如何
0	股票名称上涨	如何开户
1	股票名称下跌	股票名称如何
0	股票名称下跌	如何开户
1	股票名称分析	股票名称如何
0	股票名称分析	如何开户
1	股票名称意见	股票名称如何
0	股票名称意见	如何开户
1	股票名称解套	股票名称如何
0	股票名称解套	如何开户
1	股票名称被套	股票名称如何
0	股票名称被套	如何开户
1	股票名称能不能进	股票名称如何
0	股票名称能不能进	如何开户
1	股票名称出来	股票名称如何
0	股票名称出来	如何开户
1	股票名称看法	股票名称如何
0	股票名称看法	如何开户
1	股票名称走向	股票名称如何
0	股票名称走向	如何开户
1	股票名称处理	股票名称如何
0	股票名称处理	如何开户
1	股票名称进入	股票名称如何
0	股票名称进入	如何开户
1	股票名称持股	股票名称如何
0	股票名称持股	如何开户
1	股票名称潜力	股票名称如何
0	股票名称潜力	如何开户
1	股票名称涨停	股票名称如何
0	股票名称涨停	如何开户
1	股票名称跌停	股票名称如何
0	股票名称跌停	如何开户
1	股票名称高开	股票名称如何
0	股票名称高开	如何开户
1	股票名称低走	股票名称如何
0	股票名称低走	如何开户
1	股票名称高开低走	股票名称如何
0	股票名称高开低走	如何开户
1	股票名称操作成本	股票名称如何
0	股票名称操作成本	如何开户
1	股票名称建议如何	股票名称如何
0	股票名称建议如何	如何开户
1	股票名称重买上涨	股票名称如何
0	股票名称重买上涨	如何开户
1	股票名称重买下跌	股票名称如何
0	股票名称重买下跌	如何开户
1	股票名称卖出	股票名称如何
0	股票名称卖出	如何开户
1	股票名称今天如何操作	股票名称如何
0	股票名称今天如何操作	如何开户
1	股票名称怎么样	股票名称如何
0	股票名称怎么样	如何开户
1	股票名称走势如何	股票名称如何
0	股票名称走势如何	如何开户
1	股票名称今后走势	股票名称如何
0	股票名称今后走势	如何开户
1	股票名称可不可以留	股票名称如何
0	股票名称可不可以留	如何开户
1	股票名称短期	股票名称如何
0	股票名称短期	如何开户
1	股票名称中长期	股票名称如何
0	股票名称中长期	如何开户
1	股票名称长期	股票名称如何
0	股票名称长期	如何开户
1	股票名称能否继续持有	股票名称如何
0	股票名称能否继续持有	如何开户
1	股票名称如何进去	股票名称如何
0	股票名称如何进去	如何开户
1	股票名称能接入吗	股票名称如何
0	股票名称能接入吗	如何开户
1	股票名称要逃吗	股票名称如何
0	股票名称要逃吗	如何开户
1	股票名称什么时候回调	股票名称如何
0	股票名称什么时候回调	如何开户
1	股票名称近期怎么样	股票名称如何
0	股票名称近期怎么样	如何开户
1	股票名称怎么弄	股票名称如何
0	股票名称怎么弄	如何开户
1	股票名称还可以继续持有吗	股票名称如何
0	股票名称还可以继续持有吗	如何开户
1	股票名称能进场吗	股票名称如何
0	股票名称能进场吗	如何开户
1	帮忙看看股票名称	股票名称如何
0	帮忙看看股票名称	如何开户
1	股票名称可不可以买	股票名称如何
0	股票名称可不可以买	如何开户
1	股票名称要割肉吗	股票名称如何
0	股票名称要割肉吗	如何开户
1	股票名称如何	股票名称如何
0	股票名称如何	如何开户
1	股票名称如何操作	股票名称如何
0	股票名称如何操作	如何开户
1	股票名称买	股票名称如何
0	股票名称买	如何开户
1	股票名称卖	股票名称如何
0	股票名称卖	如何开户
1	股票名称后市	股票名称如何
0	股票名称后市	如何开户
1	股票名称后市如何	股票名称如何
0	股票名称后市如何	如何开户
1	股票名称走势	股票名称如何
0	股票名称走势	如何开户
1	股票名称建议	股票名称如何
0	股票名称建议	如何开户
1	股票名称维持多久	股票名称如何
0	股票名称维持多久	如何开户
1	股票名称持有	股票名称如何
0	股票名称持有	如何开户
1	股票名称建仓	股票名称如何
0	股票名称建仓	如何开户
1	股票名称清仓	股票名称如何
0	股票名称清仓	如何开户
1	股票名称抄底	股票名称如何
0	股票名称抄底	如何开户
1	股票名称介入	股票名称如何
0	股票名称介入	如何开户
1	股票名称是走是留	股票名称如何
0	股票名称是走是留	如何开户
1	股票名称是去是留	股票名称如何
0	股票名称是去是留	如何开户
1	股票名称坚持	股票名称如何
0	股票名称坚持	如何开户
1	股票名称上涨	股票名称如何
0	股票名称上涨	如何开户
1	股票名称下跌	股票名称如何
0	股票名称下跌	如何开户
1	股票名称分析	股票名称如何
0	股票名称分析	如何开户
1	股票名称意见	股票名称如何
0	股票名称意见	如何开户
1	股票名称解套	股票名称如何
0	股票名称解套	如何开户
1	股票名称被套	股票名称如何
0	股票名称被套	如何开户
1	股票名称能不能进	股票名称如何
0	股票名称能不能进	如何开户
1	股票名称出来	股票名称如何
0	股票名称出来	如何开户
1	股票名称看法	股票名称如何
0	股票名称看法	如何开户
1	股票名称走向	股票名称如何
0	股票名称走向	如何开户
1	股票名称处理	股票名称如何
0	股票名称处理	如何开户
1	股票名称进入	股票名称如何
0	股票名称进入	如何开户
1	股票名称持股	股票名称如何
0	股票名称持股	如何开户
1	股票名称潜力	股票名称如何
0	股票名称潜力	如何开户
1	股票名称涨停	股票名称如何
0	股票名称涨停	如何开户
1	股票名称跌停	股票名称如何
0	股票名称跌停	如何开户
1	股票名称高开	股票名称如何
0	股票名称高开	如何开户
1	股票名称低走	股票名称如何
0	股票名称低走	如何开户
1	股票名称高开低走	股票名称如何
0	股票名称高开低走	如何开户
1	股票名称操作成本	股票名称如何
0	股票名称操作成本	如何开户
1	股票名称建议如何	股票名称如何
0	股票名称建议如何	如何开户
1	股票名称重买上涨	股票名称如何
0	股票名称重买上涨	如何开户
1	股票名称重买下跌	股票名称如何
0	股票名称重买下跌	如何开户
1	股票名称卖出	股票名称如何
0	股票名称卖出	如何开户
1	股票名称今天如何操作	股票名称如何
0	股票名称今天如何操作	如何开户
1	股票名称怎么样	股票名称如何
0	股票名称怎么样	如何开户
1	股票名称走势如何	股票名称如何
0	股票名称走势如何	如何开户
1	股票名称今后走势	股票名称如何
0	股票名称今后走势	如何开户
1	股票名称可不可以留	股票名称如何
0	股票名称可不可以留	如何开户
1	股票名称短期	股票名称如何
0	股票名称短期	如何开户
1	股票名称中长期	股票名称如何
0	股票名称中长期	如何开户
1	股票名称长期	股票名称如何
0	股票名称长期	如何开户
1	股票名称能否继续持有	股票名称如何
0	股票名称能否继续持有	如何开户
1	股票名称如何进去	股票名称如何
0	股票名称如何进去	如何开户
1	股票名称能接入吗	股票名称如何
0	股票名称能接入吗	如何开户
1	股票名称要逃吗	股票名称如何
0	股票名称要逃吗	如何开户
1	股票名称什么时候回调	股票名称如何
0	股票名称什么时候回调	如何开户
1	股票名称近期怎么样	股票名称如何
0	股票名称近期怎么样	如何开户
1	股票名称怎么弄	股票名称如何
0	股票名称怎么弄	如何开户
1	股票名称还可以继续持有吗	股票名称如何
0	股票名称还可以继续持有吗	如何开户
1	股票名称能进场吗	股票名称如何
0	股票名称能进场吗	如何开户
1	帮忙看看股票名称	股票名称如何
0	帮忙看看股票名称	如何开户
1	股票名称可不可以买	股票名称如何
0	股票名称可不可以买	如何开户
1	股票名称要割肉吗	股票名称如何
0	股票名称要割肉吗	如何开户
1	新股	新股
0	新股	如何开户
1	新股中心	新股
0	新股中心	如何开户
1	查找新股	新股
0	查找新股	如何开户
1	什么新股	新股
0	什么新股	如何开户
1	新股申购	新股
0	新股申购	如何开户
1	新股发行	新股
0	新股发行	如何开户
1	今天发行	新股
0	今天发行	如何开户
1	新股上市	新股
0	新股上市	如何开户
1	即将上市股票	新股
0	即将上市股票	如何开户
1	龙虎榜	龙虎榜
0	龙虎榜	如何开户
1	龙虎榜单	龙虎榜
0	龙虎榜单	如何开户
1	龙虎榜排名	龙虎榜
0	龙虎榜排名	如何开户
1	查找龙虎榜排名	龙虎榜
0	查找龙虎榜排名	如何开户
1	私有化	私有化
0	私有化	如何开户
1	私有化股票	私有化
0	私有化股票	如何开户
1	私有化股票什么	私有化
0	私有化股票什么	如何开户
1	私有化追踪	私有化
0	私有化追踪	如何开户
1	私有化要约	私有化
0	私有化要约	如何开户
1	查找私有化	私有化
0	查找私有化	如何开户
1	什么股票私有化	私有化
0	什么股票私有化	如何开户
1	什么股票查找私有化	私有化
0	什么股票查找私有化	如何开户
1	股票名称资讯	股票名称资讯
0	股票名称资讯	如何开户
1	股票名称公告	股票名称公告
0	股票名称公告	如何开户
1	股票名称研报	股票名称研报
0	股票名称研报	如何开户
1	热门行业	热门行业
0	热门行业	如何开户
1	什么行业	热门行业
0	什么行业	如何开户
1	什么行业热门	热门行业
0	什么行业热门	如何开户
1	热门行业股票	热门行业
0	热门行业股票	如何开户
1	看好什么行业	热门行业
0	看好什么行业	如何开户
1	买什么行业	热门行业
0	买什么行业	如何开户
1	买什么行业股票	热门行业
0	买什么行业股票	如何开户
1	推荐行业	热门行业
0	推荐行业	如何开户
1	推荐什么行业	热门行业
0	推荐什么行业	如何开户
1	行业风云	热门行业
0	行业风云	如何开户
1	行业涨幅	热门行业
0	行业涨幅	如何开户
1	行业分析	热门行业
0	行业分析	如何开户
1	热门概念	热门概念
0	热门概念	如何开户
1	热门概念行业	热门概念
0	热门概念行业	如何开户
1	概念行业	热门概念
0	概念行业	如何开户
1	什么概念	热门概念
0	什么概念	如何开户
1	什么概念好	热门概念
0	什么概念好	如何开户
1	什么概念热门	热门概念
0	什么概念热门	如何开户
1	热门概念股票	热门概念
0	热门概念股票	如何开户
1	看好什么概念	热门概念
0	看好什么概念	如何开户
1	买什么概念	热门概念
0	买什么概念	如何开户
1	买什么概念股票	热门概念
0	买什么概念股票	如何开户
1	推荐概念	热门概念
0	推荐概念	如何开户
1	推荐什么概念	热门概念
0	推荐什么概念	如何开户
1	涨幅榜	涨幅榜
0	涨幅榜	如何开户
1	涨幅榜排名	涨幅榜
0	涨幅榜排名	如何开户
1	查找涨幅榜	涨幅榜
0	查找涨幅榜	如何开户
1	涨幅榜股票	涨幅榜
0	涨幅榜股票	如何开户
1	涨停股票	涨幅榜
0	涨停股票	如何开户
1	今天涨停股票	涨幅榜
0	今天涨停股票	如何开户
1	今天涨停	涨幅榜
0	今天涨停	如何开户
1	涨停板	涨幅榜
0	涨停板	如何开户
1	查找涨停榜	涨幅榜
0	查找涨停榜	如何开户
1	什么股票涨停板	涨幅榜
0	什么股票涨停板	如何开户
1	跌幅榜	跌幅榜
0	跌幅榜	如何开户
1	查找跌幅榜	跌幅榜
0	查找跌幅榜	如何开户
1	跌幅榜股票	跌幅榜
0	跌幅榜股票	如何开户
1	跌停股票	跌幅榜
0	跌停股票	如何开户
1	什么股票跌停	跌幅榜
0	什么股票跌停	如何开户
1	股票跌	跌幅榜
0	股票跌	如何开户
1	什么股票跌	跌幅榜
0	什么股票跌	如何开户
1	今天跌停股票	跌幅榜
0	今天跌停股票	如何开户
1	今天跌股票	跌幅榜
0	今天跌股票	如何开户
1	什么股票跌幅	跌幅榜
0	什么股票跌幅	如何开户
1	查找换手率	查找换手率
0	查找换手率	如何开户
1	查找换手率榜	查找换手率
0	查找换手率榜	如何开户
1	查找换手率榜单	查找换手率
0	查找换手率榜单	如何开户
1	查找换手率排名	查找换手率
0	查找换手率排名	如何开户
1	换手率榜	查找换手率
0	换手率榜	如何开户
1	换手率榜单	查找换手率
0	换手率榜单	如何开户
1	换手率排名	查找换手率
0	换手率排名	如何开户
1	行业主力资金流入	行业主力资金流入
0	行业主力资金流入	如何开户
1	行业资金流入	行业主力资金流入
0	行业资金流入	如何开户
1	行业主力	行业主力资金流入
0	行业主力	如何开户
1	行业资金	行业主力资金流入
0	行业资金	如何开户
1	主力资金流入行业	行业主力资金流入
0	主力资金流入行业	如何开户
1	行业资金流出	行业资金流出
0	行业资金流出	如何开户
1	主力资金流出行业	行业资金流出
0	主力资金流出行业	如何开户
1	概念主力资金流入	概念主力资金流入
0	概念主力资金流入	如何开户
1	概念资金流入	概念主力资金流入
0	概念资金流入	如何开户
1	概念行业主力	概念主力资金流入
0	概念行业主力	如何开户
1	概念行业资金	概念主力资金流入
0	概念行业资金	如何开户
1	概念主力资金流出	概念主力资金流出
0	概念主力资金流出	如何开户
1	概念资金流出	概念主力资金流出
0	概念资金流出	如何开户
1	概念行业流出	概念主力资金流出
0	概念行业流出	如何开户
1	概念行业资金流出	概念主力资金流出
0	概念行业资金流出	如何开户
1	个股主力资金流入	个股主力资金流入
0	个股主力资金流入	如何开户
1	股票资金流入	个股主力资金流入
0	股票资金流入	如何开户
1	个股资金流入	个股主力资金流入
0	个股资金流入	如何开户
1	资金流入	个股主力资金流入
0	资金流入	如何开户
1	主力流入	个股主力资金流入
0	主力流入	如何开户
1	主力进场股票	个股主力资金流入
0	主力进场股票	如何开户
1	主力进场个股	个股主力资金流入
0	主力进场个股	如何开户
1	个股主力资金流出	个股主力资金流出
0	个股主力资金流出	如何开户
1	什么股票资金流出	个股主力资金流出
0	什么股票资金流出	如何开户
1	股票资金流出	个股主力资金流出
0	股票资金流出	如何开户
1	个股资金流出	个股主力资金流出
0	个股资金流出	如何开户
1	资金流出	个股主力资金流出
0	资金流出	如何开户
1	主力流出	个股主力资金流出
0	主力流出	如何开户
1	主力出场股票	个股主力资金流出
0	主力出场股票	如何开户
1	主力出场个股	个股主力资金流出
0	主力出场个股	如何开户
1	股票增发	股票增发
0	股票增发	如何开户
1	定向增发	股票增发
0	定向增发	如何开户
1	股票定增	股票增发
0	股票定增	如何开户
1	推荐定向增发股票	股票增发
0	推荐定向增发股票	如何开户
1	推荐定增股票	股票增发
0	推荐定增股票	如何开户
1	定增	股票增发
0	定增	如何开户
1	大盘点评	大盘点评
0	大盘点评	如何开户
1	大盘操作	大盘点评
0	大盘操作	如何开户
1	大盘如何操作	大盘点评
0	大盘如何操作	如何开户
1	大盘如何	大盘点评
0	大盘如何	如何开户
1	行情点评	大盘点评
0	行情点评	如何开户
1	行情如何	大盘点评
0	行情如何	如何开户
1	行情如何操作	大盘点评
0	行情如何操作	如何开户
1	最近如何操作	大盘点评
0	最近如何操作	如何开户
1	后市如何操作	大盘点评
0	后市如何操作	如何开户
1	后市如何	大盘点评
0	后市如何	如何开户
1	大盘涨	大盘点评
0	大盘涨	如何开户
1	大盘跌	大盘点评
0	大盘跌	如何开户
1	大盘风险	大盘点评
0	大盘风险	如何开户
1	后市涨	大盘点评
0	后市涨	如何开户
1	后市跌	大盘点评
0	后市跌	如何开户
1	今天行情	大盘点评
0	今天行情	如何开户
1	今天行情如何	大盘点评
0	今天行情如何	如何开户
1	今天行情操作	大盘点评
0	今天行情操作	如何开户
1	大盘行情	大盘点评
0	大盘行情	如何开户
1	大盘行情如何	大盘点评
0	大盘行情如何	如何开户
1	大盘后市	大盘点评
0	大盘后市	如何开户
1	大盘后市如何	大盘点评
0	大盘后市如何	如何开户
1	大盘后市预测	大盘点评
0	大盘后市预测	如何开户
1	大盘趋势	大盘点评
0	大盘趋势	如何开户
1	大盘反弹	大盘点评
0	大盘反弹	如何开户
1	最近大盘反弹	大盘点评
0	最近大盘反弹	如何开户
1	大盘今天操作	大盘点评
0	大盘今天操作	如何开户
1	大盘今天如何操作	大盘点评
0	大盘今天如何操作	如何开户
1	大盘诊断	大盘点评
0	大盘诊断	如何开户
1	最近走势	大盘点评
0	最近走势	如何开户
1	大盘走势如何	大盘点评
0	大盘走势如何	如何开户
1	灯塔点评	大盘点评
0	灯塔点评	如何开户
1	涨停板预测	涨停板预测
0	涨停板预测	如何开户
1	预测涨停股票	涨停板预测
0	预测涨停股票	如何开户
1	预测涨停	涨停板预测
0	预测涨停	如何开户
1	什么涨停	涨停板预测
0	什么涨停	如何开户
1	后市涨停股票	涨停板预测
0	后市涨停股票	如何开户
1	查找灯塔指数	查找灯塔指数
0	查找灯塔指数	如何开户
1	灯塔指数	查找灯塔指数
0	灯塔指数	如何开户
1	灯塔	查找灯塔指数
0	灯塔	如何开户
1	查找筹码分布	查找筹码分布
0	查找筹码分布	如何开户
1	筹码分布	查找筹码分布
0	筹码分布	如何开户
1	筹码	查找筹码分布
0	筹码	如何开户
1	灯塔学堂	灯塔学堂
0	灯塔学堂	如何开户
1	了解股票	灯塔学堂
0	了解股票	如何开户
1	了解股票交易	灯塔学堂
0	了解股票交易	如何开户
1	如何了解股票交易	灯塔学堂
0	如何了解股票交易	如何开户
1	股票基础知识	灯塔学堂
0	股票基础知识	如何开户
1	选股知识	灯塔学堂
0	选股知识	如何开户
1	不懂股票	灯塔学堂
0	不懂股票	如何开户
1	如何炒股	灯塔学堂
0	如何炒股	如何开户
1	相似k线	相似k线
0	相似k线	如何开户
1	自选日报	自选日报
0	自选日报	如何开户
1	自选早报	自选日报
0	自选早报	如何开户
1	自选日报哪里	自选日报
0	自选日报哪里	如何开户
1	自选早报哪里	自选日报
0	自选早报哪里	如何开户
1	智能选股	智能选股
0	智能选股	如何开户
1	选股	智能选股
0	选股	如何开户
1	荐股	智能选股
0	荐股	如何开户
1	推荐股票	智能选股
0	推荐股票	如何开户
1	买股票	智能选股
0	买股票	如何开户
1	买股票好	智能选股
0	买股票好	如何开户
1	买什么股票	智能选股
0	买什么股票	如何开户
1	买什么股票好	智能选股
0	买什么股票好	如何开户
1	潜力股票	智能选股
0	潜力股票	如何开户
1	什么潜力股票	智能选股
0	什么潜力股票	如何开户
1	热门股票	智能选股
0	热门股票	如何开户
1	什么股票热门	智能选股
0	什么股票热门	如何开户
1	什么股票涨	智能选股
0	什么股票涨	如何开户
1	什么股票涨停	智能选股
0	什么股票涨停	如何开户
1	选股票	智能选股
0	选股票	如何开户
1	选什么股票	智能选股
0	选什么股票	如何开户
1	好股票	智能选股
0	好股票	如何开户
1	关注股票	智能选股
0	关注股票	如何开户
1	后市买股票	智能选股
0	后市买股票	如何开户
1	后市买什么股票	智能选股
0	后市买什么股票	如何开户
1	后市涨股票	智能选股
0	后市涨股票	如何开户
1	今天买股票	智能选股
0	今天买股票	如何开户
1	今天推荐	智能选股
0	今天推荐	如何开户
1	看好股票	智能选股
0	看好股票	如何开户
1	看好什么股票	智能选股
0	看好什么股票	如何开户
1	买什么	智能选股
0	买什么	如何开户
1	选什么	智能选股
0	选什么	如何开户
1	赚钱股票	智能选股
0	赚钱股票	如何开户
1	赚钱股票什么	智能选股
0	赚钱股票什么	如何开户
1	涨停股票	智能选股
0	涨停股票	如何开户
1	今天适合买	智能选股
0	今天适合买	如何开户
1	今天适合买什么	智能选股
0	今天适合买什么	如何开户
1	灯塔金股	智能选股
0	灯塔金股	如何开户
1	金股	智能选股
0	金股	如何开户
1	什么股票值得关注	智能选股
0	什么股票值得关注	如何开户
1	看涨股票	智能选股
0	看涨股票	如何开户
1	挑选股票	智能选股
0	挑选股票	如何开户
1	什么股票强	智能选股
0	什么股票强	如何开户
1	什么股票上涨	智能选股
0	什么股票上涨	如何开户
1	分析股票	智能选股
0	分析股票	如何开户
1	明天会上涨的股票	智能选股
0	明天会上涨的股票	如何开户
1	回看	回看
0	回看	如何开户
1	历史回看	回看
0	历史回看	如何开户
1	股票名称直播	股票名称直播
0	股票名称直播	如何开户
1	股票名称灯塔直播	股票名称直播
0	股票名称灯塔直播	如何开户
1	小白学堂	小白学堂
0	小白学堂	如何开户
1	新手入门	小白学堂
0	新手入门	如何开户
1	中秋节行情	中秋节行情
0	中秋节行情	如何开户
1	股票行情中秋节	中秋节行情
0	股票行情中秋节	如何开户
1	条件选股	条件选股
0	条件选股	如何开户
1	美国大选	美国大选
0	美国大选	如何开户
1	使用灯塔	使用灯塔
0	使用灯塔	如何开户
1	如何使用灯塔	使用灯塔
0	如何使用灯塔	如何开户
1	不会使用灯塔	使用灯塔
0	不会使用灯塔	如何开户
1	白马股	白马股
0	白马股	如何开户
1	白马股什么	白马股
0	白马股什么	如何开户
1	什么股票是白马股	白马股
0	什么股票是白马股	如何开户
1	灯塔口令	灯塔口令
0	灯塔口令	如何开户
1	提交灯塔口令	灯塔口令
0	提交灯塔口令	如何开户
1	提交口令	灯塔口令
0	提交口令	如何开户
1	开通特权	灯塔口令
0	开通特权	如何开户
1	开通灯塔特权	灯塔口令
0	开通灯塔特权	如何开户
1	大盘预警	大盘预警
0	大盘预警	如何开户
1	主力资金流入	主力资金流入
0	主力资金流入	如何开户
1	主力资金流出	主力资金流入
0	主力资金流出	如何开户
1	牛人	牛人
0	牛人	如何开户
1	策略通	策略通
0	策略通	如何开户
1	黑桃老k	黑桃老k
0	黑桃老k	如何开户
1	形态选股	形态选股
0	形态选股	如何开户
1	股票名称形态选股	股票名称形态选股
0	股票名称形态选股	如何开户
1	会员特权	会员特权
0	会员特权	如何开户
1	会员	会员特权
0	会员	如何开户
1	特权	会员特权
0	特权	如何开户
1	股票开户	股票开户
0	股票开户	如何开户
1	开户	股票开户
0	开户	如何开户
1	视频	视频
0	视频	如何开户
1	视频回看	视频
0	视频回看	如何开户
1	课程	视频
0	课程	如何开户
1	视频课程	视频
0	视频课程	如何开户
1	炒股教学	视频
0	炒股教学	如何开户
1	智能诊股	智能诊股
0	智能诊股	如何开户
1	灯塔直播	灯塔直播
0	灯塔直播	如何开户
1	直播	灯塔直播
0	直播	如何开户
1	大盘指数	大盘指数
0	大盘指数	如何开户
1	大盘	大盘指数
0	大盘	如何开户
1	表哥学堂	表哥学堂
0	表哥学堂	如何开户
1	表哥学堂在哪里	表哥学堂
0	表哥学堂在哪里	如何开户
1	学堂	表哥学堂
0	学堂	如何开户
1	增值服务	增值服务
0	增值服务	如何开户
1	灯塔增值服务	增值服务
0	灯塔增值服务	如何开户
1	积分任务	积分任务
0	积分任务	如何开户
1	任务中心	积分任务
0	任务中心	如何开户
1	任务	积分任务
0	任务	如何开户
1	灯塔活动	灯塔活动
0	灯塔活动	如何开户
1	活动中心	灯塔活动
0	活动中心	如何开户
1	活动	灯塔活动
0	活动	如何开户
1	决策天机	决策天机
0	决策天机	如何开户
1	多空信号	多空信号
0	多空信号	如何开户
1	融资追击	融资追击
0	融资追击	如何开户
1	长椿街	长椿街
0	长椿街	如何开户
1	热门长椿街	长椿街
0	热门长椿街	如何开户
1	长椿街概念	长椿街
0	长椿街概念	如何开户
1	股票名称投资图谱	股票名称投资图谱
0	股票名称投资图谱	如何开户
1	股票名称投资关系	股票名称投资图谱
0	股票名称投资关系	如何开户
1	股票名称投资股东	股票名称投资图谱
0	股票名称投资股东	如何开户
1	股票名称股东持股	股票名称投资图谱
0	股票名称股东持股	如何开户
1	股票名称投资股东持股	股票名称投资图谱
0	股票名称投资股东持股	如何开户
1	股票名称最新股东持股数据	股票名称投资图谱
0	股票名称最新股东持股数据	如何开户
1	股票名称高管图谱	股票名称高管图谱
0	股票名称高管图谱	如何开户
1	股票名称高管关系	股票名称高管图谱
0	股票名称高管关系	如何开户
1	佛罗伦萨对外投资	佛罗伦萨对外投资
0	佛罗伦萨对外投资	如何开户
1	佛罗伦萨投资信息	佛罗伦萨对外投资
0	佛罗伦萨投资信息	如何开户
1	佛罗伦萨最新投资	佛罗伦萨对外投资
0	佛罗伦萨最新投资	如何开户
1	佛罗伦萨投资公司	佛罗伦萨对外投资
0	佛罗伦萨投资公司	如何开户
1	佛罗伦萨投资关系	佛罗伦萨对外投资
0	佛罗伦萨投资关系	如何开户
1	主力天机	主力天机
0	主力天机	如何开户
1	私募兵法	私募兵法
0	私募兵法	如何开户
1	庖丁解牛	庖丁解牛
0	庖丁解牛	如何开户
1	复盘大师	复盘大师
0	复盘大师	如何开户
1	股市地图	股市地图
0	股市地图	如何开户
1	净利润增长率最小	净利润增长率最小
0	净利润增长率最小	如何开户
1	净利润增长率较小	净利润增长率最小
0	净利润增长率较小	如何开户
1	净利润增长率最小股票	净利润增长率最小
0	净利润增长率最小股票	如何开户
1	净利润增长率较小股票	净利润增长率最小
0	净利润增长率较小股票	如何开户
1	利润增长率最小	净利润增长率最小
0	利润增长率最小	如何开户
1	利润增长率较小	净利润增长率最小
0	利润增长率较小	如何开户
1	利润增长率最小股票	净利润增长率最小
0	利润增长率最小股票	如何开户
1	利润增长率较小股票	净利润增长率最小
0	利润增长率较小股票	如何开户
1	净利润增长率最小	净利润增长率最小
0	净利润增长率最小	如何开户
1	净利润增长率较小	净利润增长率最小
0	净利润增长率较小	如何开户
1	净利润增长率最小股票	净利润增长率最小
0	净利润增长率最小股票	如何开户
1	净利润增长率较小股票	净利润增长率最小
0	净利润增长率较小股票	如何开户
1	利润增长率最小	净利润增长率最小
0	利润增长率最小	如何开户
1	利润增长率较小	净利润增长率最小
0	利润增长率较小	如何开户
1	利润增长率最小股票	净利润增长率最小
0	利润增长率最小股票	如何开户
1	利润增长率较小股票	净利润增长率最小
0	利润增长率较小股票	如何开户
1	净利润增长率最大	净利润增长率最大
0	净利润增长率最大	如何开户
1	净利润增长率较大	净利润增长率最大
0	净利润增长率较大	如何开户
1	净利润增长率最大股票	净利润增长率最大
0	净利润增长率最大股票	如何开户
1	净利润增长率较大股票	净利润增长率最大
0	净利润增长率较大股票	如何开户
1	利润增长率最大	净利润增长率最大
0	利润增长率最大	如何开户
1	利润增长率较大	净利润增长率最大
0	利润增长率较大	如何开户
1	利润增长率最大股票	净利润增长率最大
0	利润增长率最大股票	如何开户
1	利润增长率较大股票	净利润增长率最大
0	利润增长率较大股票	如何开户
1	净利润增长率最大	净利润增长率最大
0	净利润增长率最大	如何开户
1	净利润增长率较大	净利润增长率最大
0	净利润增长率较大	如何开户
1	净利润增长率最大股票	净利润增长率最大
0	净利润增长率最大股票	如何开户
1	净利润增长率较大股票	净利润增长率最大
0	净利润增长率较大股票	如何开户
1	利润增长率最大	净利润增长率最大
0	利润增长率最大	如何开户
1	利润增长率较大	净利润增长率最大
0	利润增长率较大	如何开户
1	利润增长率最大股票	净利润增长率最大
0	利润增长率最大股票	如何开户
1	利润增长率较大股票	净利润增长率最大
0	利润增长率较大股票	如何开户
1	营收增长率最小	营收增长率最小
0	营收增长率最小	如何开户
1	营收增长率较小	营收增长率最小
0	营收增长率较小	如何开户
1	营收增长率最小股票	营收增长率最小
0	营收增长率最小股票	如何开户
1	营收增长率较小股票	营收增长率最小
0	营收增长率较小股票	如何开户
1	营业收入增长率最小	营收增长率最小
0	营业收入增长率最小	如何开户
1	营业收入增长率较小	营收增长率最小
0	营业收入增长率较小	如何开户
1	营业收入增长率最小股票	营收增长率最小
0	营业收入增长率最小股票	如何开户
1	营业收入增长率较小股票	营收增长率最小
0	营业收入增长率较小股票	如何开户
1	营收增长率最小	营收增长率最小
0	营收增长率最小	如何开户
1	营收增长率较小	营收增长率最小
0	营收增长率较小	如何开户
1	营收增长率最小股票	营收增长率最小
0	营收增长率最小股票	如何开户
1	营收增长率较小股票	营收增长率最小
0	营收增长率较小股票	如何开户
1	营业收入增长率最小	营收增长率最小
0	营业收入增长率最小	如何开户
1	营业收入增长率较小	营收增长率最小
0	营业收入增长率较小	如何开户
1	营业收入增长率最小股票	营收增长率最小
0	营业收入增长率最小股票	如何开户
1	营业收入增长率较小股票	营收增长率最小
0	营业收入增长率较小股票	如何开户
1	营收增长率最大	营收增长率最大
0	营收增长率最大	如何开户
1	营收增长率较大	营收增长率最大
0	营收增长率较大	如何开户
1	营收增长率最大股票	营收增长率最大
0	营收增长率最大股票	如何开户
1	营收增长率较大股票	营收增长率最大
0	营收增长率较大股票	如何开户
1	营业收入增长率最大	营收增长率最大
0	营业收入增长率最大	如何开户
1	营业收入增长率较大	营收增长率最大
0	营业收入增长率较大	如何开户
1	营业收入增长率最大股票	营收增长率最大
0	营业收入增长率最大股票	如何开户
1	营业收入增长率较大股票	营收增长率最大
0	营业收入增长率较大股票	如何开户
1	营收增长率最大	营收增长率最大
0	营收增长率最大	如何开户
1	营收增长率较大	营收增长率最大
0	营收增长率较大	如何开户
1	营收增长率最大股票	营收增长率最大
0	营收增长率最大股票	如何开户
1	营收增长率较大股票	营收增长率最大
0	营收增长率较大股票	如何开户
1	营业收入增长率最大	营收增长率最大
0	营业收入增长率最大	如何开户
1	营业收入增长率较大	营收增长率最大
0	营业收入增长率较大	如何开户
1	营业收入增长率最大股票	营收增长率最大
0	营业收入增长率最大股票	如何开户
1	营业收入增长率较大股票	营收增长率最大
0	营业收入增长率较大股票	如何开户
1	净资产收益率最小	净资产收益率最小
0	净资产收益率最小	如何开户
1	净资产收益率较小	净资产收益率最小
0	净资产收益率较小	如何开户
1	净资产收益率最小股票	净资产收益率最小
0	净资产收益率最小股票	如何开户
1	净资产收益率较小股票	净资产收益率最小
0	净资产收益率较小股票	如何开户
1	净资产收益率最小	净资产收益率最小
0	净资产收益率最小	如何开户
1	净资产收益率较小	净资产收益率最小
0	净资产收益率较小	如何开户
1	净资产收益率最小股票	净资产收益率最小
0	净资产收益率最小股票	如何开户
1	净资产收益率较小股票	净资产收益率最小
0	净资产收益率较小股票	如何开户
1	净资产收益率最大	净资产收益率最大
0	净资产收益率最大	如何开户
1	净资产收益率较大	净资产收益率最大
0	净资产收益率较大	如何开户
1	净资产收益率最大股票	净资产收益率最大
0	净资产收益率最大股票	如何开户
1	净资产收益率较大股票	净资产收益率最大
0	净资产收益率较大股票	如何开户
1	净资产收益率最大	净资产收益率最大
0	净资产收益率最大	如何开户
1	净资产收益率较大	净资产收益率最大
0	净资产收益率较大	如何开户
1	净资产收益率最大股票	净资产收益率最大
0	净资产收益率最大股票	如何开户
1	净资产收益率较大股票	净资产收益率最大
0	净资产收益率较大股票	如何开户
1	市净率最小	市净率最小
0	市净率最小	如何开户
1	市净率较小	市净率最小
0	市净率较小	如何开户
1	市净率最小股票	市净率最小
0	市净率最小股票	如何开户
1	市净率较小股票	市净率最小
0	市净率较小股票	如何开户
1	低市净率	市净率最小
0	低市净率	如何开户
1	低市净率股票	市净率最小
0	低市净率股票	如何开户
1	市净率最小	市净率最小
0	市净率最小	如何开户
1	市净率较小	市净率最小
0	市净率较小	如何开户
1	市净率最小股票	市净率最小
0	市净率最小股票	如何开户
1	市净率较小股票	市净率最小
0	市净率较小股票	如何开户
1	低市净率	市净率最小
0	低市净率	如何开户
1	低市净率股票	市净率最小
0	低市净率股票	如何开户
1	市净率最大	市净率最大
0	市净率最大	如何开户
1	市净率较大	市净率最大
0	市净率较大	如何开户
1	市净率最大股票	市净率最大
0	市净率最大股票	如何开户
1	市净率较大股票	市净率最大
0	市净率较大股票	如何开户
1	市净率最大	市净率最大
0	市净率最大	如何开户
1	市净率较大	市净率最大
0	市净率较大	如何开户
1	市净率最大股票	市净率最大
0	市净率最大股票	如何开户
1	市净率较大股票	市净率最大
0	市净率较大股票	如何开户
1	市盈率最小	市盈率最小
0	市盈率最小	如何开户
1	市盈率较小	市盈率最小
0	市盈率较小	如何开户
1	市盈率最小股票	市盈率最小
0	市盈率最小股票	如何开户
1	市盈率较小股票	市盈率最小
0	市盈率较小股票	如何开户
1	低市盈率	市盈率最小
0	低市盈率	如何开户
1	低市盈率股票	市盈率最小
0	低市盈率股票	如何开户
1	市盈率最小	市盈率最小
0	市盈率最小	如何开户
1	市盈率较小	市盈率最小
0	市盈率较小	如何开户
1	市盈率最小股票	市盈率最小
0	市盈率最小股票	如何开户
1	市盈率较小股票	市盈率最小
0	市盈率较小股票	如何开户
1	低市盈率	市盈率最小
0	低市盈率	如何开户
1	低市盈率股票	市盈率最小
0	低市盈率股票	如何开户
1	市盈率最大	市盈率最大
0	市盈率最大	如何开户
1	市盈率较大	市盈率最大
0	市盈率较大	如何开户
1	市盈率最大股票	市盈率最大
0	市盈率最大股票	如何开户
1	市盈率较大股票	市盈率最大
0	市盈率较大股票	如何开户
1	市盈率最大	市盈率最大
0	市盈率最大	如何开户
1	市盈率较大	市盈率最大
0	市盈率较大	如何开户
1	市盈率最大股票	市盈率最大
0	市盈率最大股票	如何开户
1	市盈率较大股票	市盈率最大
0	市盈率较大股票	如何开户
1	市值最小	市值最小
0	市值最小	如何开户
1	市值较小	市值最小
0	市值较小	如何开户
1	市值最小股票	市值最小
0	市值最小股票	如何开户
1	市值较小股票	市值最小
0	市值较小股票	如何开户
1	低市值	市值最小
0	低市值	如何开户
1	低市值股票	市值最小
0	低市值股票	如何开户
1	市值最小	市值最小
0	市值最小	如何开户
1	市值较小	市值最小
0	市值较小	如何开户
1	市值最小股票	市值最小
0	市值最小股票	如何开户
1	市值较小股票	市值最小
0	市值较小股票	如何开户
1	低市值	市值最小
0	低市值	如何开户
1	低市值股票	市值最小
0	低市值股票	如何开户
1	市值最大	市值最大
0	市值最大	如何开户
1	市值较大	市值最大
0	市值较大	如何开户
1	市值最大股票	市值最大
0	市值最大股票	如何开户
1	市值较大股票	市值最大
0	市值较大股票	如何开户
1	市值最大	市值最大
0	市值最大	如何开户
1	市值较大	市值最大
0	市值较大	如何开户
1	市值最大股票	市值最大
0	市值最大股票	如何开户
1	市值较大股票	市值最大
0	市值较大股票	如何开户
1	今天停牌	今天停牌
0	今天停牌	如何开户
1	今天停牌股票	今天停牌
0	今天停牌股票	如何开户
1	停牌股票	今天停牌
0	停牌股票	如何开户
1	今天停牌	今天停牌
0	今天停牌	如何开户
1	今天停牌股票	今天停牌
0	今天停牌股票	如何开户
1	停牌股票	今天停牌
0	停牌股票	如何开户
1	最近复牌股票	最近复牌股票
0	最近复牌股票	如何开户
1	今天复牌	最近复牌股票
0	今天复牌	如何开户
1	今天复牌股票	最近复牌股票
0	今天复牌股票	如何开户
1	复牌股票	最近复牌股票
0	复牌股票	如何开户
1	最近复牌股票	最近复牌股票
0	最近复牌股票	如何开户
1	今天复牌	最近复牌股票
0	今天复牌	如何开户
1	今天复牌股票	最近复牌股票
0	今天复牌股票	如何开户
1	复牌股票	最近复牌股票
0	复牌股票	如何开户
1	换手率最小	换手率最小
0	换手率最小	如何开户
1	换手率较小	换手率最小
0	换手率较小	如何开户
1	换手率最小股票	换手率最小
0	换手率最小股票	如何开户
1	换手率较小股票	换手率最小
0	换手率较小股票	如何开户
1	换手率最小	换手率最小
0	换手率最小	如何开户
1	换手率较小	换手率最小
0	换手率较小	如何开户
1	换手率最小股票	换手率最小
0	换手率最小股票	如何开户
1	换手率较小股票	换手率最小
0	换手率较小股票	如何开户
1	换手率最大	换手率最大
0	换手率最大	如何开户
1	换手率较大	换手率最大
0	换手率较大	如何开户
1	换手率最大股票	换手率最大
0	换手率最大股票	如何开户
1	换手率较大股票	换手率最大
0	换手率较大股票	如何开户
1	换手率最大	换手率最大
0	换手率最大	如何开户
1	换手率较大	换手率最大
0	换手率较大	如何开户
1	换手率最大股票	换手率最大
0	换手率最大股票	如何开户
1	换手率较大股票	换手率最大
0	换手率较大股票	如何开户
1	振幅最小	振幅最小
0	振幅最小	如何开户
1	振幅较小	振幅最小
0	振幅较小	如何开户
1	振幅最小股票	振幅最小
0	振幅最小股票	如何开户
1	振幅较小股票	振幅最小
0	振幅较小股票	如何开户
1	振幅最小	振幅最小
0	振幅最小	如何开户
1	振幅较小	振幅最小
0	振幅较小	如何开户
1	振幅最小股票	振幅最小
0	振幅最小股票	如何开户
1	振幅较小股票	振幅最小
0	振幅较小股票	如何开户
1	振幅最大	振幅最大
0	振幅最大	如何开户
1	振幅较大	振幅最大
0	振幅较大	如何开户
1	振幅最大股票	振幅最大
0	振幅最大股票	如何开户
1	振幅较大股票	振幅最大
0	振幅较大股票	如何开户
1	振幅最大	振幅最大
0	振幅最大	如何开户
1	振幅较大	振幅最大
0	振幅较大	如何开户
1	振幅最大股票	振幅最大
0	振幅最大股票	如何开户
1	振幅较大股票	振幅最大
0	振幅较大股票	如何开户
1	成交额最小	成交额最小
0	成交额最小	如何开户
1	成交额较小	成交额最小
0	成交额较小	如何开户
1	成交额最小股票	成交额最小
0	成交额最小股票	如何开户
1	成交额较小股票	成交额最小
0	成交额较小股票	如何开户
1	成交额最小	成交额最小
0	成交额最小	如何开户
1	成交额较小	成交额最小
0	成交额较小	如何开户
1	成交额最小股票	成交额最小
0	成交额最小股票	如何开户
1	成交额较小股票	成交额最小
0	成交额较小股票	如何开户
1	成交额最大	成交额最大
0	成交额最大	如何开户
1	成交额较大	成交额最大
0	成交额较大	如何开户
1	成交额最大股票	成交额最大
0	成交额最大股票	如何开户
1	成交额较大股票	成交额最大
0	成交额较大股票	如何开户
1	成交额最大	成交额最大
0	成交额最大	如何开户
1	成交额较大	成交额最大
0	成交额较大	如何开户
1	成交额最大股票	成交额最大
0	成交额最大股票	如何开户
1	成交额较大股票	成交额最大
0	成交额较大股票	如何开户
1	每股收益最小	每股收益最小
0	每股收益最小	如何开户
1	每股收益较小	每股收益最小
0	每股收益较小	如何开户
1	每股收益最小股票	每股收益最小
0	每股收益最小股票	如何开户
1	每股收益较小股票	每股收益最小
0	每股收益较小股票	如何开户
1	每股收益最小	每股收益最小
0	每股收益最小	如何开户
1	每股收益较小	每股收益最小
0	每股收益较小	如何开户
1	每股收益最小股票	每股收益最小
0	每股收益最小股票	如何开户
1	每股收益较小股票	每股收益最小
0	每股收益较小股票	如何开户
1	每股收益最大	每股收益最大
0	每股收益最大	如何开户
1	每股收益较大	每股收益最大
0	每股收益较大	如何开户
1	每股收益最大股票	每股收益最大
0	每股收益最大股票	如何开户
1	每股收益较大股票	每股收益最大
0	每股收益较大股票	如何开户
1	每股收益最大	每股收益最大
0	每股收益最大	如何开户
1	每股收益较大	每股收益最大
0	每股收益较大	如何开户
1	每股收益最大股票	每股收益最大
0	每股收益最大股票	如何开户
1	每股收益较大股票	每股收益最大
0	每股收益较大股票	如何开户
1	范式龙头	范式龙头
0	范式龙头	如何开户
1	范式龙头股票	范式龙头
0	范式龙头股票	如何开户
1	范式龙头股	范式龙头
0	范式龙头股	如何开户
1	范式业龙头	范式龙头
0	范式业龙头	如何开户
1	范式业龙头股票	范式龙头
0	范式业龙头股票	如何开户
1	范式业龙头股	范式龙头
0	范式业龙头股	如何开户
1	范式龙头	范式龙头
0	范式龙头	如何开户
1	范式龙头股票	范式龙头
0	范式龙头股票	如何开户
1	范式龙头股	范式龙头
0	范式龙头股	如何开户
1	范式业龙头	范式龙头
0	范式业龙头	如何开户
1	范式业龙头股票	范式龙头
0	范式业龙头股票	如何开户
1	范式业龙头股	范式龙头
0	范式业龙头股	如何开户
1	跌破定增价格	跌破定增价格
0	跌破定增价格	如何开户
1	跌破定增	跌破定增价格
0	跌破定增	如何开户
1	跌破定向增发	跌破定增价格
0	跌破定向增发	如何开户
1	跌破定增股票	跌破定增价格
0	跌破定增股票	如何开户
1	跌破定向增发股票	跌破定增价格
0	跌破定向增发股票	如何开户
1	跌破增发股票	跌破定增价格
0	跌破增发股票	如何开户
1	小于定增价格	跌破定增价格
0	小于定增价格	如何开户
1	小于定向增发价格	跌破定增价格
0	小于定向增发价格	如何开户
1	小于定增价格股票	跌破定增价格
0	小于定增价格股票	如何开户
1	小于定向增发价格股票	跌破定增价格
0	小于定向增发价格股票	如何开户
1	价格小于定增价格	跌破定增价格
0	价格小于定增价格	如何开户
1	价格小于定向增发价格	跌破定增价格
0	价格小于定向增发价格	如何开户
1	价格小于定增价格股票	跌破定增价格
0	价格小于定增价格股票	如何开户
1	价格小于定向增发价格股票	跌破定增价格
0	价格小于定向增发价格股票	如何开户
1	跌破定增价格	跌破定增价格
0	跌破定增价格	如何开户
1	跌破定增	跌破定增价格
0	跌破定增	如何开户
1	跌破定向增发	跌破定增价格
0	跌破定向增发	如何开户
1	跌破定增股票	跌破定增价格
0	跌破定增股票	如何开户
1	跌破定向增发股票	跌破定增价格
0	跌破定向增发股票	如何开户
1	跌破增发股票	跌破定增价格
0	跌破增发股票	如何开户
1	小于定增价格	跌破定增价格
0	小于定增价格	如何开户
1	小于定向增发价格	跌破定增价格
0	小于定向增发价格	如何开户
1	小于定增价格股票	跌破定增价格
0	小于定增价格股票	如何开户
1	小于定向增发价格股票	跌破定增价格
0	小于定向增发价格股票	如何开户
1	价格小于定增价格	跌破定增价格
0	价格小于定增价格	如何开户
1	价格小于定向增发价格	跌破定增价格
0	价格小于定向增发价格	如何开户
1	价格小于定增价格股票	跌破定增价格
0	价格小于定增价格股票	如何开户
1	价格小于定向增发价格股票	跌破定增价格
0	价格小于定向增发价格股票	如何开户
1	价格最小	价格最小
0	价格最小	如何开户
1	价格较小	价格最小
0	价格较小	如何开户
1	价格最小股票	价格最小
0	价格最小股票	如何开户
1	价格较小股票	价格最小
0	价格较小股票	如何开户
1	低价格股票	价格最小
0	低价格股票	如何开户
1	便宜股票	价格最小
0	便宜股票	如何开户
1	便宜价格股票	价格最小
0	便宜价格股票	如何开户
1	价格最小	价格最小
0	价格最小	如何开户
1	价格较小	价格最小
0	价格较小	如何开户
1	价格最小股票	价格最小
0	价格最小股票	如何开户
1	价格较小股票	价格最小
0	价格较小股票	如何开户
1	低价格股票	价格最小
0	低价格股票	如何开户
1	便宜股票	价格最小
0	便宜股票	如何开户
1	便宜价格股票	价格最小
0	便宜价格股票	如何开户
1	价格最大	价格最大
0	价格最大	如何开户
1	价格较大	价格最大
0	价格较大	如何开户
1	价格最大股票	价格最大
0	价格最大股票	如何开户
1	价格较大股票	价格最大
0	价格较大股票	如何开户
1	高价格股票	价格最大
0	高价格股票	如何开户
1	价格最大	价格最大
0	价格最大	如何开户
1	价格较大	价格最大
0	价格较大	如何开户
1	价格最大股票	价格最大
0	价格最大股票	如何开户
1	价格较大股票	价格最大
0	价格较大股票	如何开户
1	高价格股票	价格最大
0	高价格股票	如何开户
1	股票名称股东	股票名称股东
0	股票名称股东	如何开户
1	股票名称什么股东	股票名称股东
0	股票名称什么股东	如何开户
1	股票名称十大股东	股票名称股东
0	股票名称十大股东	如何开户
1	股票名称十大流通股东	股票名称股东
0	股票名称十大流通股东	如何开户
1	股票名称股东	股票名称股东
0	股票名称股东	如何开户
1	股票名称什么股东	股票名称股东
0	股票名称什么股东	如何开户
1	股票名称十大股东	股票名称股东
0	股票名称十大股东	如何开户
1	股票名称十大流通股东	股票名称股东
0	股票名称十大流通股东	如何开户
1	股票名称分红	股票名称分红
0	股票名称分红	如何开户
1	股票名称分红配送	股票名称分红
0	股票名称分红配送	如何开户
1	股票名称分红	股票名称分红
0	股票名称分红	如何开户
1	股票名称分红配送	股票名称分红
0	股票名称分红配送	如何开户
1	股票名称机构持股	股票名称机构持股
0	股票名称机构持股	如何开户
1	股票名称机构持股明细	股票名称机构持股
0	股票名称机构持股明细	如何开户
1	股票名称机构持股	股票名称机构持股
0	股票名称机构持股	如何开户
1	股票名称机构持股明细	股票名称机构持股
0	股票名称机构持股明细	如何开户
1	股票名称主营收入构成	股票名称主营收入构成
0	股票名称主营收入构成	如何开户
1	股票名称主营构成	股票名称主营收入构成
0	股票名称主营构成	如何开户
1	股票名称营业收入构成	股票名称主营收入构成
0	股票名称营业收入构成	如何开户
1	股票名称营业构成	股票名称主营收入构成
0	股票名称营业构成	如何开户
1	股票名称主营收入构成	股票名称主营收入构成
0	股票名称主营收入构成	如何开户
1	股票名称主营构成	股票名称主营收入构成
0	股票名称主营构成	如何开户
1	股票名称营业收入构成	股票名称主营收入构成
0	股票名称营业收入构成	如何开户
1	股票名称营业构成	股票名称主营收入构成
0	股票名称营业构成	如何开户
1	营收最小	营收最小
0	营收最小	如何开户
1	营收较小	营收最小
0	营收较小	如何开户
1	营收最小股票	营收最小
0	营收最小股票	如何开户
1	营收较小股票	营收最小
0	营收较小股票	如何开户
1	营业收入最小	营收最小
0	营业收入最小	如何开户
1	营业收入较小	营收最小
0	营业收入较小	如何开户
1	营业收入最小股票	营收最小
0	营业收入最小股票	如何开户
1	营业收入较小股票	营收最小
0	营业收入较小股票	如何开户
1	营收最小	营收最小
0	营收最小	如何开户
1	营收较小	营收最小
0	营收较小	如何开户
1	营收最小股票	营收最小
0	营收最小股票	如何开户
1	营收较小股票	营收最小
0	营收较小股票	如何开户
1	营业收入最小	营收最小
0	营业收入最小	如何开户
1	营业收入较小	营收最小
0	营业收入较小	如何开户
1	营业收入最小股票	营收最小
0	营业收入最小股票	如何开户
1	营业收入较小股票	营收最小
0	营业收入较小股票	如何开户
1	营收最大	营收最大
0	营收最大	如何开户
1	营收较大	营收最大
0	营收较大	如何开户
1	营收最大股票	营收最大
0	营收最大股票	如何开户
1	营收较大股票	营收最大
0	营收较大股票	如何开户
1	营业收入最大	营收最大
0	营业收入最大	如何开户
1	营业收入较大	营收最大
0	营业收入较大	如何开户
1	营业收入最大股票	营收最大
0	营业收入最大股票	如何开户
1	营业收入较大股票	营收最大
0	营业收入较大股票	如何开户
1	营收最大	营收最大
0	营收最大	如何开户
1	营收较大	营收最大
0	营收较大	如何开户
1	营收最大股票	营收最大
0	营收最大股票	如何开户
1	营收较大股票	营收最大
0	营收较大股票	如何开户
1	营业收入最大	营收最大
0	营业收入最大	如何开户
1	营业收入较大	营收最大
0	营业收入较大	如何开户
1	营业收入最大股票	营收最大
0	营业收入最大股票	如何开户
1	营业收入较大股票	营收最大
0	营业收入较大股票	如何开户
1	营业利润最小	营业利润最小
0	营业利润最小	如何开户
1	营业利润较小	营业利润最小
0	营业利润较小	如何开户
1	营业利润最小股票	营业利润最小
0	营业利润最小股票	如何开户
1	营业利润较小股票	营业利润最小
0	营业利润较小股票	如何开户
1	营业利润最小	营业利润最小
0	营业利润最小	如何开户
1	营业利润较小	营业利润最小
0	营业利润较小	如何开户
1	营业利润最小股票	营业利润最小
0	营业利润最小股票	如何开户
1	营业利润较小股票	营业利润最小
0	营业利润较小股票	如何开户
1	营业利润最大	营业利润最大
0	营业利润最大	如何开户
1	营业利润较大	营业利润最大
0	营业利润较大	如何开户
1	营业利润最大股票	营业利润最大
0	营业利润最大股票	如何开户
1	营业利润较大股票	营业利润最大
0	营业利润较大股票	如何开户
1	营业利润最大	营业利润最大
0	营业利润最大	如何开户
1	营业利润较大	营业利润最大
0	营业利润较大	如何开户
1	营业利润最大股票	营业利润最大
0	营业利润最大股票	如何开户
1	营业利润较大股票	营业利润最大
0	营业利润较大股票	如何开户
1	净利润最小	净利润最小
0	净利润最小	如何开户
1	净利润较小	净利润最小
0	净利润较小	如何开户
1	净利润最小股票	净利润最小
0	净利润最小股票	如何开户
1	净利润较小股票	净利润最小
0	净利润较小股票	如何开户
1	净利润最小	净利润最小
0	净利润最小	如何开户
1	净利润较小	净利润最小
0	净利润较小	如何开户
1	净利润最小股票	净利润最小
0	净利润最小股票	如何开户
1	净利润较小股票	净利润最小
0	净利润较小股票	如何开户
1	净利润最大	净利润最大
0	净利润最大	如何开户
1	净利润较大	净利润最大
0	净利润较大	如何开户
1	净利润最大股票	净利润最大
0	净利润最大股票	如何开户
1	净利润较大股票	净利润最大
0	净利润较大股票	如何开户
1	净利润最大	净利润最大
0	净利润最大	如何开户
1	净利润较大	净利润最大
0	净利润较大	如何开户
1	净利润最大股票	净利润最大
0	净利润最大股票	如何开户
1	净利润较大股票	净利润最大
0	净利润较大股票	如何开户
1	营业利润增长率最小	营业利润增长率最小
0	营业利润增长率最小	如何开户
1	营业利润增长率较小	营业利润增长率最小
0	营业利润增长率较小	如何开户
1	营业利润增长率最小股票	营业利润增长率最小
0	营业利润增长率最小股票	如何开户
1	营业利润增长率较小股票	营业利润增长率最小
0	营业利润增长率较小股票	如何开户
1	营业利润增长率最小	营业利润增长率最小
0	营业利润增长率最小	如何开户
1	营业利润增长率较小	营业利润增长率最小
0	营业利润增长率较小	如何开户
1	营业利润增长率最小股票	营业利润增长率最小
0	营业利润增长率最小股票	如何开户
1	营业利润增长率较小股票	营业利润增长率最小
0	营业利润增长率较小股票	如何开户
1	营业利润增长率最大	营业利润增长率最大
0	营业利润增长率最大	如何开户
1	营业利润增长率较大	营业利润增长率最大
0	营业利润增长率较大	如何开户
1	营业利润增长率最大股票	营业利润增长率最大
0	营业利润增长率最大股票	如何开户
1	营业利润增长率较大股票	营业利润增长率最大
0	营业利润增长率较大股票	如何开户
1	营业利润增长率最大	营业利润增长率最大
0	营业利润增长率最大	如何开户
1	营业利润增长率较大	营业利润增长率最大
0	营业利润增长率较大	如何开户
1	营业利润增长率最大股票	营业利润增长率最大
0	营业利润增长率最大股票	如何开户
1	营业利润增长率较大股票	营业利润增长率最大
0	营业利润增长率较大股票	如何开户
1	今天资金	今天资金
0	今天资金	如何开户
1	资金	今天资金
0	资金	如何开户
1	查找资金	今天资金
0	查找资金	如何开户
1	查找最近资金	今天资金
0	查找最近资金	如何开户
1	今天资金	今天资金
0	今天资金	如何开户
1	资金	今天资金
0	资金	如何开户
1	查找资金	今天资金
0	查找资金	如何开户
1	查找最近资金	今天资金
0	查找最近资金	如何开户
1	股票名称资金	股票名称资金
0	股票名称资金	如何开户
1	股票名称资金流入	股票名称资金
0	股票名称资金流入	如何开户
1	股票名称资金流出	股票名称资金
0	股票名称资金流出	如何开户
1	股票名称资金如何流入	股票名称资金
0	股票名称资金如何流入	如何开户
1	股票名称资金如何流出	股票名称资金
0	股票名称资金如何流出	如何开户
1	股票名称资金	股票名称资金
0	股票名称资金	如何开户
1	股票名称资金流入	股票名称资金
0	股票名称资金流入	如何开户
1	股票名称资金流出	股票名称资金
0	股票名称资金流出	如何开户
1	股票名称资金如何流入	股票名称资金
0	股票名称资金如何流入	如何开户
1	股票名称资金如何流出	股票名称资金
0	股票名称资金如何流出	如何开户
1	选股策略	选股策略
0	选股策略	如何开户
1	选股策略	选股策略
0	选股策略	如何开户
1	业绩预增	业绩预增
0	业绩预增	如何开户
1	业绩预增股票	业绩预增
0	业绩预增股票	如何开户
1	什么股票业绩预增	业绩预增
0	什么股票业绩预增	如何开户
1	业绩预增	业绩预增
0	业绩预增	如何开户
1	业绩预增股票	业绩预增
0	业绩预增股票	如何开户
1	什么股票业绩预增	业绩预增
0	什么股票业绩预增	如何开户
1	高股息	高股息
0	高股息	如何开户
1	高股息股票	高股息
0	高股息股票	如何开户
1	什么股票高股息	高股息
0	什么股票高股息	如何开户
1	高股息	高股息
0	高股息	如何开户
1	高股息股票	高股息
0	高股息股票	如何开户
1	什么股票高股息	高股息
0	什么股票高股息	如何开户
1	机构调研	机构调研
0	机构调研	如何开户
1	机构调研股票	机构调研
0	机构调研股票	如何开户
1	什么股票机构调研	机构调研
0	什么股票机构调研	如何开户
1	机构调研多的股票	机构调研
0	机构调研多的股票	如何开户
1	机构调研	机构调研
0	机构调研	如何开户
1	机构调研股票	机构调研
0	机构调研股票	如何开户
1	什么股票机构调研	机构调研
0	什么股票机构调研	如何开户
1	机构调研多的股票	机构调研
0	机构调研多的股票	如何开户
1	主力操作	主力操作
0	主力操作	如何开户
1	主力操作股票	主力操作
0	主力操作股票	如何开户
1	什么股票主力操作	主力操作
0	什么股票主力操作	如何开户
1	主力建仓	主力操作
0	主力建仓	如何开户
1	主力操作	主力操作
0	主力操作	如何开户
1	主力操作股票	主力操作
0	主力操作股票	如何开户
1	什么股票主力操作	主力操作
0	什么股票主力操作	如何开户
1	主力建仓	主力操作
0	主力建仓	如何开户
1	低估值	低估值
0	低估值	如何开户
1	低估值股票	低估值
0	低估值股票	如何开户
1	什么股票低估值	低估值
0	什么股票低估值	如何开户
1	低估值	低估值
0	低估值	如何开户
1	低估值股票	低估值
0	低估值股票	如何开户
1	什么股票低估值	低估值
0	什么股票低估值	如何开户
1	机构抢筹	机构抢筹
0	机构抢筹	如何开户
1	机构抢筹股票	机构抢筹
0	机构抢筹股票	如何开户
1	什么股票机构抢筹	机构抢筹
0	什么股票机构抢筹	如何开户
1	机构抢筹	机构抢筹
0	机构抢筹	如何开户
1	机构抢筹股票	机构抢筹
0	机构抢筹股票	如何开户
1	什么股票机构抢筹	机构抢筹
0	什么股票机构抢筹	如何开户
1	绩优	绩优
0	绩优	如何开户
1	绩优股	绩优
0	绩优股	如何开户
1	绩优股票	绩优
0	绩优股票	如何开户
1	什么股票绩优	绩优
0	什么股票绩优	如何开户
1	绩优	绩优
0	绩优	如何开户
1	绩优股	绩优
0	绩优股	如何开户
1	绩优股票	绩优
0	绩优股票	如何开户
1	什么股票绩优	绩优
0	什么股票绩优	如何开户
1	跌幅最大	跌幅最大
0	跌幅最大	如何开户
1	跌幅最大股票	跌幅最大
0	跌幅最大股票	如何开户
1	什么股票跌幅最大	跌幅最大
0	什么股票跌幅最大	如何开户
1	跌幅最大	跌幅最大
0	跌幅最大	如何开户
1	跌幅最大股票	跌幅最大
0	跌幅最大股票	如何开户
1	什么股票跌幅最大	跌幅最大
0	什么股票跌幅最大	如何开户
1	国家队新进	国家队新进
0	国家队新进	如何开户
1	国家队新进股票	国家队新进
0	国家队新进股票	如何开户
1	什么股票国家队新进	国家队新进
0	什么股票国家队新进	如何开户
1	国家队新进	国家队新进
0	国家队新进	如何开户
1	国家队新进股票	国家队新进
0	国家队新进股票	如何开户
1	什么股票国家队新进	国家队新进
0	什么股票国家队新进	如何开户
1	中报业绩预增	中报业绩预增
0	中报业绩预增	如何开户
1	中报业绩预增股票	中报业绩预增
0	中报业绩预增股票	如何开户
1	什么股票中报业绩预增	中报业绩预增
0	什么股票中报业绩预增	如何开户
1	中报业绩预增	中报业绩预增
0	中报业绩预增	如何开户
1	中报业绩预增股票	中报业绩预增
0	中报业绩预增股票	如何开户
1	什么股票中报业绩预增	中报业绩预增
0	什么股票中报业绩预增	如何开户
1	中报业绩预亏	中报业绩预亏
0	中报业绩预亏	如何开户
1	中报业绩预亏股票	中报业绩预亏
0	中报业绩预亏股票	如何开户
1	什么股票中报业绩预亏	中报业绩预亏
0	什么股票中报业绩预亏	如何开户
1	中报业绩预亏	中报业绩预亏
0	中报业绩预亏	如何开户
1	中报业绩预亏股票	中报业绩预亏
0	中报业绩预亏股票	如何开户
1	什么股票中报业绩预亏	中报业绩预亏
0	什么股票中报业绩预亏	如何开户
1	机构净买入	机构净买入
0	机构净买入	如何开户
1	机构净买入股票	机构净买入
0	机构净买入股票	如何开户
1	什么股票机构净买入	机构净买入
0	什么股票机构净买入	如何开户
1	机构净买入	机构净买入
0	机构净买入	如何开户
1	机构净买入股票	机构净买入
0	机构净买入股票	如何开户
1	什么股票机构净买入	机构净买入
0	什么股票机构净买入	如何开户
1	机构净卖出	机构净卖出
0	机构净卖出	如何开户
1	机构净卖出股票	机构净卖出
0	机构净卖出股票	如何开户
1	什么股票机构净卖出	机构净卖出
0	什么股票机构净卖出	如何开户
1	机构净卖出	机构净卖出
0	机构净卖出	如何开户
1	机构净卖出股票	机构净卖出
0	机构净卖出股票	如何开户
1	什么股票机构净卖出	机构净卖出
0	什么股票机构净卖出	如何开户
1	营业部净买入	营业部净买入
0	营业部净买入	如何开户
1	营业部净买入股票	营业部净买入
0	营业部净买入股票	如何开户
1	什么股票营业部净买入	营业部净买入
0	什么股票营业部净买入	如何开户
1	营业部净买入前十	营业部净买入
0	营业部净买入前十	如何开户
1	营业部净买入前十股票	营业部净买入
0	营业部净买入前十股票	如何开户
1	营业部净买入	营业部净买入
0	营业部净买入	如何开户
1	营业部净买入股票	营业部净买入
0	营业部净买入股票	如何开户
1	什么股票营业部净买入	营业部净买入
0	什么股票营业部净买入	如何开户
1	营业部净买入前十	营业部净买入
0	营业部净买入前十	如何开户
1	营业部净买入前十股票	营业部净买入
0	营业部净买入前十股票	如何开户
1	营业部净卖出	营业部净卖出
0	营业部净卖出	如何开户
1	营业部净卖出股票	营业部净卖出
0	营业部净卖出股票	如何开户
1	什么股票营业部净卖出	营业部净卖出
0	什么股票营业部净卖出	如何开户
1	营业部净卖出前十	营业部净卖出
0	营业部净卖出前十	如何开户
1	营业部净卖出前十股票	营业部净卖出
0	营业部净卖出前十股票	如何开户
1	营业部净卖出	营业部净卖出
0	营业部净卖出	如何开户
1	营业部净卖出股票	营业部净卖出
0	营业部净卖出股票	如何开户
1	什么股票营业部净卖出	营业部净卖出
0	什么股票营业部净卖出	如何开户
1	营业部净卖出前十	营业部净卖出
0	营业部净卖出前十	如何开户
1	营业部净卖出前十股票	营业部净卖出
0	营业部净卖出前十股票	如何开户
1	多家机构买入	多家机构买入
0	多家机构买入	如何开户
1	多家机构买入股票	多家机构买入
0	多家机构买入股票	如何开户
1	什么股票多家机构买入	多家机构买入
0	什么股票多家机构买入	如何开户
1	多家机构买入	多家机构买入
0	多家机构买入	如何开户
1	多家机构买入股票	多家机构买入
0	多家机构买入股票	如何开户
1	什么股票多家机构买入	多家机构买入
0	什么股票多家机构买入	如何开户
1	放量上涨	放量上涨
0	放量上涨	如何开户
1	放量上涨股票	放量上涨
0	放量上涨股票	如何开户
1	什么股票放量上涨	放量上涨
0	什么股票放量上涨	如何开户
1	放量上涨	放量上涨
0	放量上涨	如何开户
1	放量上涨股票	放量上涨
0	放量上涨股票	如何开户
1	什么股票放量上涨	放量上涨
0	什么股票放量上涨	如何开户
1	缩量上涨	缩量上涨
0	缩量上涨	如何开户
1	缩量上涨股票	缩量上涨
0	缩量上涨股票	如何开户
1	什么股票缩量上涨	缩量上涨
0	什么股票缩量上涨	如何开户
1	缩量上涨	缩量上涨
0	缩量上涨	如何开户
1	缩量上涨股票	缩量上涨
0	缩量上涨股票	如何开户
1	什么股票缩量上涨	缩量上涨
0	什么股票缩量上涨	如何开户
1	温和放量	温和放量
0	温和放量	如何开户
1	温和放量股票	温和放量
0	温和放量股票	如何开户
1	什么股票温和放量	温和放量
0	什么股票温和放量	如何开户
1	温和放量	温和放量
0	温和放量	如何开户
1	温和放量股票	温和放量
0	温和放量股票	如何开户
1	什么股票温和放量	温和放量
0	什么股票温和放量	如何开户
1	macd底背离	macd底背离
0	macd底背离	如何开户
1	macd底背离股票	macd底背离
0	macd底背离股票	如何开户
1	什么股票macd底背离	macd底背离
0	什么股票macd底背离	如何开户
1	macd底背离	macd底背离
0	macd底背离	如何开户
1	macd底背离股票	macd底背离
0	macd底背离股票	如何开户
1	什么股票macd底背离	macd底背离
0	什么股票macd底背离	如何开户
1	macd金叉	macd金叉
0	macd金叉	如何开户
1	macd金叉股票	macd金叉
0	macd金叉股票	如何开户
1	什么股票macd金叉	macd金叉
0	什么股票macd金叉	如何开户
1	金叉股票	macd金叉
0	金叉股票	如何开户
1	macd金叉	macd金叉
0	macd金叉	如何开户
1	macd金叉股票	macd金叉
0	macd金叉股票	如何开户
1	什么股票macd金叉	macd金叉
0	什么股票macd金叉	如何开户
1	金叉股票	macd金叉
0	金叉股票	如何开户
1	macd红二波	macd红二波
0	macd红二波	如何开户
1	macd红二波股票	macd红二波
0	macd红二波股票	如何开户
1	什么股票macd红二波	macd红二波
0	什么股票macd红二波	如何开户
1	macd红二波	macd红二波
0	macd红二波	如何开户
1	macd红二波股票	macd红二波
0	macd红二波股票	如何开户
1	什么股票macd红二波	macd红二波
0	什么股票macd红二波	如何开户
1	macd买入信号	macd买入信号
0	macd买入信号	如何开户
1	macd买入信号股票	macd买入信号
0	macd买入信号股票	如何开户
1	什么股票macd买入信号	macd买入信号
0	什么股票macd买入信号	如何开户
1	macd买入信号	macd买入信号
0	macd买入信号	如何开户
1	macd买入信号股票	macd买入信号
0	macd买入信号股票	如何开户
1	什么股票macd买入信号	macd买入信号
0	什么股票macd买入信号	如何开户
1	kdj金叉	kdj金叉
0	kdj金叉	如何开户
1	kdj金叉股票	kdj金叉
0	kdj金叉股票	如何开户
1	什么股票kdj金叉	kdj金叉
0	什么股票kdj金叉	如何开户
1	kdj金叉	kdj金叉
0	kdj金叉	如何开户
1	kdj金叉股票	kdj金叉
0	kdj金叉股票	如何开户
1	什么股票kdj金叉	kdj金叉
0	什么股票kdj金叉	如何开户
1	kdj底背离	kdj底背离
0	kdj底背离	如何开户
1	kdj底背离股票	kdj底背离
0	kdj底背离股票	如何开户
1	什么股票kdj底背离	kdj底背离
0	什么股票kdj底背离	如何开户
1	kdj底背离	kdj底背离
0	kdj底背离	如何开户
1	kdj底背离股票	kdj底背离
0	kdj底背离股票	如何开户
1	什么股票kdj底背离	kdj底背离
0	什么股票kdj底背离	如何开户
1	kdj买入信号	kdj买入信号
0	kdj买入信号	如何开户
1	kdj买入信号股票	kdj买入信号
0	kdj买入信号股票	如何开户
1	什么股票kdj买入信号	kdj买入信号
0	什么股票kdj买入信号	如何开户
1	kdj买入信号	kdj买入信号
0	kdj买入信号	如何开户
1	kdj买入信号股票	kdj买入信号
0	kdj买入信号股票	如何开户
1	什么股票kdj买入信号	kdj买入信号
0	什么股票kdj买入信号	如何开户
1	均线多头排列	均线多头排列
0	均线多头排列	如何开户
1	均线多头	均线多头排列
0	均线多头	如何开户
1	多头排列	均线多头排列
0	多头排列	如何开户
1	均线多头排列股票	均线多头排列
0	均线多头排列股票	如何开户
1	什么股票均线多头排列	均线多头排列
0	什么股票均线多头排列	如何开户
1	均线多头排列	均线多头排列
0	均线多头排列	如何开户
1	均线多头	均线多头排列
0	均线多头	如何开户
1	多头排列	均线多头排列
0	多头排列	如何开户
1	均线多头排列股票	均线多头排列
0	均线多头排列股票	如何开户
1	什么股票均线多头排列	均线多头排列
0	什么股票均线多头排列	如何开户
1	均线粘合	均线粘合
0	均线粘合	如何开户
1	均线粘合股票	均线粘合
0	均线粘合股票	如何开户
1	什么股票均线粘合	均线粘合
0	什么股票均线粘合	如何开户
1	均线粘合	均线粘合
0	均线粘合	如何开户
1	均线粘合股票	均线粘合
0	均线粘合股票	如何开户
1	什么股票均线粘合	均线粘合
0	什么股票均线粘合	如何开户
1	boll突破下轨	boll突破下轨
0	boll突破下轨	如何开户
1	boll突破下轨股票	boll突破下轨
0	boll突破下轨股票	如何开户
1	什么股票boll突破下轨	boll突破下轨
0	什么股票boll突破下轨	如何开户
1	突破boll下轨	boll突破下轨
0	突破boll下轨	如何开户
1	boll突破下轨	boll突破下轨
0	boll突破下轨	如何开户
1	boll突破下轨股票	boll突破下轨
0	boll突破下轨股票	如何开户
1	什么股票boll突破下轨	boll突破下轨
0	什么股票boll突破下轨	如何开户
1	突破boll下轨	boll突破下轨
0	突破boll下轨	如何开户
1	boll突破上轨	boll突破上轨
0	boll突破上轨	如何开户
1	boll突破上轨股票	boll突破上轨
0	boll突破上轨股票	如何开户
1	什么股票boll突破上轨	boll突破上轨
0	什么股票boll突破上轨	如何开户
1	突破boll上轨	boll突破上轨
0	突破boll上轨	如何开户
1	boll突破上轨	boll突破上轨
0	boll突破上轨	如何开户
1	boll突破上轨股票	boll突破上轨
0	boll突破上轨股票	如何开户
1	什么股票boll突破上轨	boll突破上轨
0	什么股票boll突破上轨	如何开户
1	突破boll上轨	boll突破上轨
0	突破boll上轨	如何开户
1	rsi金叉	rsi金叉
0	rsi金叉	如何开户
1	rsi金叉股票	rsi金叉
0	rsi金叉股票	如何开户
1	什么股票rsi金叉	rsi金叉
0	什么股票rsi金叉	如何开户
1	rsi金叉	rsi金叉
0	rsi金叉	如何开户
1	rsi金叉股票	rsi金叉
0	rsi金叉股票	如何开户
1	什么股票rsi金叉	rsi金叉
0	什么股票rsi金叉	如何开户
1	rsi买入信号	rsi买入信号
0	rsi买入信号	如何开户
1	rsi买入信号股票	rsi买入信号
0	rsi买入信号股票	如何开户
1	什么股票rsi买入信号	rsi买入信号
0	什么股票rsi买入信号	如何开户
1	rsi买入信号	rsi买入信号
0	rsi买入信号	如何开户
1	rsi买入信号股票	rsi买入信号
0	rsi买入信号股票	如何开户
1	什么股票rsi买入信号	rsi买入信号
0	什么股票rsi买入信号	如何开户
1	rsi超卖	rsi超卖
0	rsi超卖	如何开户
1	rsi超卖股票	rsi超卖
0	rsi超卖股票	如何开户
1	什么股票rsi超卖	rsi超卖
0	什么股票rsi超卖	如何开户
1	rsi超卖	rsi超卖
0	rsi超卖	如何开户
1	rsi超卖股票	rsi超卖
0	rsi超卖股票	如何开户
1	什么股票rsi超卖	rsi超卖
0	什么股票rsi超卖	如何开户
1	rsi底背离	rsi底背离
0	rsi底背离	如何开户
1	rsi底背离股票	rsi底背离
0	rsi底背离股票	如何开户
1	什么股票rsi底背离	rsi底背离
0	什么股票rsi底背离	如何开户
1	rsi底背离	rsi底背离
0	rsi底背离	如何开户
1	rsi底背离股票	rsi底背离
0	rsi底背离股票	如何开户
1	什么股票rsi底背离	rsi底背离
0	什么股票rsi底背离	如何开户
1	cci买入信号	cci买入信号
0	cci买入信号	如何开户
1	cci买入信号股票	cci买入信号
0	cci买入信号股票	如何开户
1	什么股票cci买入信号	cci买入信号
0	什么股票cci买入信号	如何开户
1	cci买入信号	cci买入信号
0	cci买入信号	如何开户
1	cci买入信号股票	cci买入信号
0	cci买入信号股票	如何开户
1	什么股票cci买入信号	cci买入信号
0	什么股票cci买入信号	如何开户
1	cci超卖	cci超卖
0	cci超卖	如何开户
1	cci超卖股票	cci超卖
0	cci超卖股票	如何开户
1	什么股票cci超卖	cci超卖
0	什么股票cci超卖	如何开户
1	cci超卖	cci超卖
0	cci超卖	如何开户
1	cci超卖股票	cci超卖
0	cci超卖股票	如何开户
1	什么股票cci超卖	cci超卖
0	什么股票cci超卖	如何开户
1	cci底背离	cci底背离
0	cci底背离	如何开户
1	cci底背离股票	cci底背离
0	cci底背离股票	如何开户
1	什么股票cci底背离	cci底背离
0	什么股票cci底背离	如何开户
1	cci底背离	cci底背离
0	cci底背离	如何开户
1	cci底背离股票	cci底背离
0	cci底背离股票	如何开户
1	什么股票cci底背离	cci底背离
0	什么股票cci底背离	如何开户
1	cci拐头向上	cci拐头向上
0	cci拐头向上	如何开户
1	cci拐头向上股票	cci拐头向上
0	cci拐头向上股票	如何开户
1	什么股票cci拐头向上	cci拐头向上
0	什么股票cci拐头向上	如何开户
1	cci拐头向上	cci拐头向上
0	cci拐头向上	如何开户
1	cci拐头向上股票	cci拐头向上
0	cci拐头向上股票	如何开户
1	什么股票cci拐头向上	cci拐头向上
0	什么股票cci拐头向上	如何开户
1	bias金叉	bias金叉
0	bias金叉	如何开户
1	bias金叉股票	bias金叉
0	bias金叉股票	如何开户
1	什么股票bias金叉	bias金叉
0	什么股票bias金叉	如何开户
1	bias金叉	bias金叉
0	bias金叉	如何开户
1	bias金叉股票	bias金叉
0	bias金叉股票	如何开户
1	什么股票bias金叉	bias金叉
0	什么股票bias金叉	如何开户
1	bias买入信号	bias买入信号
0	bias买入信号	如何开户
1	bias买入信号股票	bias买入信号
0	bias买入信号股票	如何开户
1	什么股票bias买入信号	bias买入信号
0	什么股票bias买入信号	如何开户
1	bias买入信号	bias买入信号
0	bias买入信号	如何开户
1	bias买入信号股票	bias买入信号
0	bias买入信号股票	如何开户
1	什么股票bias买入信号	bias买入信号
0	什么股票bias买入信号	如何开户
1	bias超卖	bias超卖
0	bias超卖	如何开户
1	bias超卖股票	bias超卖
0	bias超卖股票	如何开户
1	什么股票bias超卖	bias超卖
0	什么股票bias超卖	如何开户
1	bias超卖	bias超卖
0	bias超卖	如何开户
1	bias超卖股票	bias超卖
0	bias超卖股票	如何开户
1	什么股票bias超卖	bias超卖
0	什么股票bias超卖	如何开户
1	bias底背离	bias底背离
0	bias底背离	如何开户
1	bias底背离股票	bias底背离
0	bias底背离股票	如何开户
1	什么股票bias底背离	bias底背离
0	什么股票bias底背离	如何开户
1	bias底背离	bias底背离
0	bias底背离	如何开户
1	bias底背离股票	bias底背离
0	bias底背离股票	如何开户
1	什么股票bias底背离	bias底背离
0	什么股票bias底背离	如何开户
1	wr买入信号	wr买入信号
0	wr买入信号	如何开户
1	wr买入信号股票	wr买入信号
0	wr买入信号股票	如何开户
1	什么股票wr买入信号	wr买入信号
0	什么股票wr买入信号	如何开户
1	wr买入信号	wr买入信号
0	wr买入信号	如何开户
1	wr买入信号股票	wr买入信号
0	wr买入信号股票	如何开户
1	什么股票wr买入信号	wr买入信号
0	什么股票wr买入信号	如何开户
1	wr金叉	wr金叉
0	wr金叉	如何开户
1	wr金叉股票	wr金叉
0	wr金叉股票	如何开户
1	什么股票wr金叉	wr金叉
0	什么股票wr金叉	如何开户
1	wr金叉	wr金叉
0	wr金叉	如何开户
1	wr金叉股票	wr金叉
0	wr金叉股票	如何开户
1	什么股票wr金叉	wr金叉
0	什么股票wr金叉	如何开户
1	mtm金叉	mtm金叉
0	mtm金叉	如何开户
1	mtm金叉股票	mtm金叉
0	mtm金叉股票	如何开户
1	什么股票mtm金叉	mtm金叉
0	什么股票mtm金叉	如何开户
1	mtm金叉	mtm金叉
0	mtm金叉	如何开户
1	mtm金叉股票	mtm金叉
0	mtm金叉股票	如何开户
1	什么股票mtm金叉	mtm金叉
0	什么股票mtm金叉	如何开户
1	mtm买入信号	mtm买入信号
0	mtm买入信号	如何开户
1	mtm买入信号股票	mtm买入信号
0	mtm买入信号股票	如何开户
1	什么股票mtm买入信号	mtm买入信号
0	什么股票mtm买入信号	如何开户
1	mtm买入信号	mtm买入信号
0	mtm买入信号	如何开户
1	mtm买入信号股票	mtm买入信号
0	mtm买入信号股票	如何开户
1	什么股票mtm买入信号	mtm买入信号
0	什么股票mtm买入信号	如何开户
1	mtm二次金叉	mtm二次金叉
0	mtm二次金叉	如何开户
1	mtm二次金叉股票	mtm二次金叉
0	mtm二次金叉股票	如何开户
1	什么股票mtm二次金叉	mtm二次金叉
0	什么股票mtm二次金叉	如何开户
1	mtm二次金叉	mtm二次金叉
0	mtm二次金叉	如何开户
1	mtm二次金叉股票	mtm二次金叉
0	mtm二次金叉股票	如何开户
1	什么股票mtm二次金叉	mtm二次金叉
0	什么股票mtm二次金叉	如何开户
1	平台突破	平台突破
0	平台突破	如何开户
1	平台突破股票	平台突破
0	平台突破股票	如何开户
1	什么股票平台突破	平台突破
0	什么股票平台突破	如何开户
1	平台突破	平台突破
0	平台突破	如何开户
1	平台突破股票	平台突破
0	平台突破股票	如何开户
1	什么股票平台突破	平台突破
0	什么股票平台突破	如何开户
1	涨停回马枪	涨停回马枪
0	涨停回马枪	如何开户
1	涨停回马枪股票	涨停回马枪
0	涨停回马枪股票	如何开户
1	什么股票涨停回马枪	涨停回马枪
0	什么股票涨停回马枪	如何开户
1	涨停回马枪	涨停回马枪
0	涨停回马枪	如何开户
1	涨停回马枪股票	涨停回马枪
0	涨停回马枪股票	如何开户
1	什么股票涨停回马枪	涨停回马枪
0	什么股票涨停回马枪	如何开户
1	boll突破中轨	boll突破中轨
0	boll突破中轨	如何开户
1	boll突破中轨股票	boll突破中轨
0	boll突破中轨股票	如何开户
1	什么股票boll突破中轨	boll突破中轨
0	什么股票boll突破中轨	如何开户
1	突破boll中轨	boll突破中轨
0	突破boll中轨	如何开户
1	boll突破中轨	boll突破中轨
0	boll突破中轨	如何开户
1	boll突破中轨股票	boll突破中轨
0	boll突破中轨股票	如何开户
1	什么股票boll突破中轨	boll突破中轨
0	什么股票boll突破中轨	如何开户
1	突破boll中轨	boll突破中轨
0	突破boll中轨	如何开户
1	上升通道	上升通道
0	上升通道	如何开户
1	上升通道股票	上升通道
0	上升通道股票	如何开户
1	什么股票上升通道	上升通道
0	什么股票上升通道	如何开户
1	上升通道	上升通道
0	上升通道	如何开户
1	上升通道股票	上升通道
0	上升通道股票	如何开户
1	什么股票上升通道	上升通道
0	什么股票上升通道	如何开户
1	箱体突破	箱体突破
0	箱体突破	如何开户
1	箱体突破股票	箱体突破
0	箱体突破股票	如何开户
1	什么股票箱体突破	箱体突破
0	什么股票箱体突破	如何开户
1	横盘突破	箱体突破
0	横盘突破	如何开户
1	横盘突破股票	箱体突破
0	横盘突破股票	如何开户
1	什么股票横盘突破	箱体突破
0	什么股票横盘突破	如何开户
1	箱体突破	箱体突破
0	箱体突破	如何开户
1	箱体突破股票	箱体突破
0	箱体突破股票	如何开户
1	什么股票箱体突破	箱体突破
0	什么股票箱体突破	如何开户
1	横盘突破	箱体突破
0	横盘突破	如何开户
1	横盘突破股票	箱体突破
0	横盘突破股票	如何开户
1	什么股票横盘突破	箱体突破
0	什么股票横盘突破	如何开户
1	一阳三线	一阳三线
0	一阳三线	如何开户
1	一阳三线股票	一阳三线
0	一阳三线股票	如何开户
1	什么股票一阳三线	一阳三线
0	什么股票一阳三线	如何开户
1	一阳三线	一阳三线
0	一阳三线	如何开户
1	一阳三线股票	一阳三线
0	一阳三线股票	如何开户
1	什么股票一阳三线	一阳三线
0	什么股票一阳三线	如何开户
1	长阳重炮	长阳重炮
0	长阳重炮	如何开户
1	长阳重炮股票	长阳重炮
0	长阳重炮股票	如何开户
1	什么股票长阳重炮	长阳重炮
0	什么股票长阳重炮	如何开户
1	长阳重炮	长阳重炮
0	长阳重炮	如何开户
1	长阳重炮股票	长阳重炮
0	长阳重炮股票	如何开户
1	什么股票长阳重炮	长阳重炮
0	什么股票长阳重炮	如何开户
1	多方炮	多方炮
0	多方炮	如何开户
1	多方炮股票	多方炮
0	多方炮股票	如何开户
1	什么股票多方炮	多方炮
0	什么股票多方炮	如何开户
1	多方炮	多方炮
0	多方炮	如何开户
1	多方炮股票	多方炮
0	多方炮股票	如何开户
1	什么股票多方炮	多方炮
0	什么股票多方炮	如何开户
1	阳包阴	阳包阴
0	阳包阴	如何开户
1	阳包阴股票	阳包阴
0	阳包阴股票	如何开户
1	什么股票阳包阴	阳包阴
0	什么股票阳包阴	如何开户
1	阳包阴	阳包阴
0	阳包阴	如何开户
1	阳包阴股票	阳包阴
0	阳包阴股票	如何开户
1	什么股票阳包阴	阳包阴
0	什么股票阳包阴	如何开户
1	阳十字星	阳十字星
0	阳十字星	如何开户
1	阳十字星股票	阳十字星
0	阳十字星股票	如何开户
1	什么股票阳十字星	阳十字星
0	什么股票阳十字星	如何开户
1	阳十字线	阳十字星
0	阳十字线	如何开户
1	阳十字线股票	阳十字星
0	阳十字线股票	如何开户
1	什么股票阳十字线	阳十字星
0	什么股票阳十字线	如何开户
1	阳十字星	阳十字星
0	阳十字星	如何开户
1	阳十字星股票	阳十字星
0	阳十字星股票	如何开户
1	什么股票阳十字星	阳十字星
0	什么股票阳十字星	如何开户
1	阳十字线	阳十字星
0	阳十字线	如何开户
1	阳十字线股票	阳十字星
0	阳十字线股票	如何开户
1	什么股票阳十字线	阳十字星
0	什么股票阳十字线	如何开户
1	阴十字星	阴十字星
0	阴十字星	如何开户
1	阴十字星股票	阴十字星
0	阴十字星股票	如何开户
1	什么股票阴十字星	阴十字星
0	什么股票阴十字星	如何开户
1	阴十字线	阴十字星
0	阴十字线	如何开户
1	阴十字线股票	阴十字星
0	阴十字线股票	如何开户
1	什么股票阴十字线	阴十字星
0	什么股票阴十字线	如何开户
1	阴十字星	阴十字星
0	阴十字星	如何开户
1	阴十字星股票	阴十字星
0	阴十字星股票	如何开户
1	什么股票阴十字星	阴十字星
0	什么股票阴十字星	如何开户
1	阴十字线	阴十字星
0	阴十字线	如何开户
1	阴十字线股票	阴十字星
0	阴十字线股票	如何开户
1	什么股票阴十字线	阴十字星
0	什么股票阴十字线	如何开户
1	长下影线	长下影线
0	长下影线	如何开户
1	长下影线股票	长下影线
0	长下影线股票	如何开户
1	什么股票长下影线	长下影线
0	什么股票长下影线	如何开户
1	长下影线	长下影线
0	长下影线	如何开户
1	长下影线股票	长下影线
0	长下影线股票	如何开户
1	什么股票长下影线	长下影线
0	什么股票长下影线	如何开户
1	假阴线	假阴线
0	假阴线	如何开户
1	假阴线股票	假阴线
0	假阴线股票	如何开户
1	什么股票假阴线	假阴线
0	什么股票假阴线	如何开户
1	假阴线	假阴线
0	假阴线	如何开户
1	假阴线股票	假阴线
0	假阴线股票	如何开户
1	什么股票假阴线	假阴线
0	什么股票假阴线	如何开户
1	小三阳	小三阳
0	小三阳	如何开户
1	小三阳股票	小三阳
0	小三阳股票	如何开户
1	什么股票小三阳	小三阳
0	什么股票小三阳	如何开户
1	小三阳	小三阳
0	小三阳	如何开户
1	小三阳股票	小三阳
0	小三阳股票	如何开户
1	什么股票小三阳	小三阳
0	什么股票小三阳	如何开户
1	身怀六甲	身怀六甲
0	身怀六甲	如何开户
1	身怀六甲股票	身怀六甲
0	身怀六甲股票	如何开户
1	什么股票身怀六甲	身怀六甲
0	什么股票身怀六甲	如何开户
1	身怀六甲	身怀六甲
0	身怀六甲	如何开户
1	身怀六甲股票	身怀六甲
0	身怀六甲股票	如何开户
1	什么股票身怀六甲	身怀六甲
0	什么股票身怀六甲	如何开户
1	曙光初现	曙光初现
0	曙光初现	如何开户
1	曙光初现股票	曙光初现
0	曙光初现股票	如何开户
1	什么股票曙光初现	曙光初现
0	什么股票曙光初现	如何开户
1	曙光初现	曙光初现
0	曙光初现	如何开户
1	曙光初现股票	曙光初现
0	曙光初现股票	如何开户
1	什么股票曙光初现	曙光初现
0	什么股票曙光初现	如何开户
1	两阳夹一阴	两阳夹一阴
0	两阳夹一阴	如何开户
1	两阳夹一阴股票	两阳夹一阴
0	两阳夹一阴股票	如何开户
1	什么股票两阳夹一阴	两阳夹一阴
0	什么股票两阳夹一阴	如何开户
1	两阳夹一阴	两阳夹一阴
0	两阳夹一阴	如何开户
1	两阳夹一阴股票	两阳夹一阴
0	两阳夹一阴股票	如何开户
1	什么股票两阳夹一阴	两阳夹一阴
0	什么股票两阳夹一阴	如何开户
1	公告利好	公告利好
0	公告利好	如何开户
1	公告利好股票	公告利好
0	公告利好股票	如何开户
1	什么股票公告利好	公告利好
0	什么股票公告利好	如何开户
1	利好消息	公告利好
0	利好消息	如何开户
1	利好消息股票	公告利好
0	利好消息股票	如何开户
1	什么股票利好消息	公告利好
0	什么股票利好消息	如何开户
1	公告利好	公告利好
0	公告利好	如何开户
1	公告利好股票	公告利好
0	公告利好股票	如何开户
1	什么股票公告利好	公告利好
0	什么股票公告利好	如何开户
1	利好消息	公告利好
0	利好消息	如何开户
1	利好消息股票	公告利好
0	利好消息股票	如何开户
1	什么股票利好消息	公告利好
0	什么股票利好消息	如何开户
1	最近利好	最近利好
0	最近利好	如何开户
1	最近一周重大利好	最近利好
0	最近一周重大利好	如何开户
1	最近一周重大利好股票	最近利好
0	最近一周重大利好股票	如何开户
1	什么股票最近一周重大利好	最近利好
0	什么股票最近一周重大利好	如何开户
1	一周重大利好	最近利好
0	一周重大利好	如何开户
1	一周重大利好股票	最近利好
0	一周重大利好股票	如何开户
1	什么股票一周重大利好	最近利好
0	什么股票一周重大利好	如何开户
1	最近一周利好	最近利好
0	最近一周利好	如何开户
1	最近一周利好股票	最近利好
0	最近一周利好股票	如何开户
1	什么股票最近一周利好	最近利好
0	什么股票最近一周利好	如何开户
1	最近利好	最近利好
0	最近利好	如何开户
1	最近一周重大利好	最近利好
0	最近一周重大利好	如何开户
1	最近一周重大利好股票	最近利好
0	最近一周重大利好股票	如何开户
1	什么股票最近一周重大利好	最近利好
0	什么股票最近一周重大利好	如何开户
1	一周重大利好	最近利好
0	一周重大利好	如何开户
1	一周重大利好股票	最近利好
0	一周重大利好股票	如何开户
1	什么股票一周重大利好	最近利好
0	什么股票一周重大利好	如何开户
1	最近一周利好	最近利好
0	最近一周利好	如何开户
1	最近一周利好股票	最近利好
0	最近一周利好股票	如何开户
1	什么股票最近一周利好	最近利好
0	什么股票最近一周利好	如何开户
1	重组预期	重组预期
0	重组预期	如何开户
1	重组预期股票	重组预期
0	重组预期股票	如何开户
1	什么股票重组预期	重组预期
0	什么股票重组预期	如何开户
1	最近重组预期	重组预期
0	最近重组预期	如何开户
1	最近重组预期股票	重组预期
0	最近重组预期股票	如何开户
1	什么股票最近重组预期	重组预期
0	什么股票最近重组预期	如何开户
1	重组预期	重组预期
0	重组预期	如何开户
1	重组预期股票	重组预期
0	重组预期股票	如何开户
1	什么股票重组预期	重组预期
0	什么股票重组预期	如何开户
1	最近重组预期	重组预期
0	最近重组预期	如何开户
1	最近重组预期股票	重组预期
0	最近重组预期股票	如何开户
1	什么股票最近重组预期	重组预期
0	什么股票最近重组预期	如何开户
1	重组成功	重组成功
0	重组成功	如何开户
1	重组成功股票	重组成功
0	重组成功股票	如何开户
1	什么股票重组成功	重组成功
0	什么股票重组成功	如何开户
1	一月重组成功	重组成功
0	一月重组成功	如何开户
1	一月重组成功股票	重组成功
0	一月重组成功股票	如何开户
1	什么股票一月重组成功	重组成功
0	什么股票一月重组成功	如何开户
1	最近重组成功	重组成功
0	最近重组成功	如何开户
1	最近重组成功股票	重组成功
0	最近重组成功股票	如何开户
1	什么股票最近重组成功	重组成功
0	什么股票最近重组成功	如何开户
1	最近一月重组成功	重组成功
0	最近一月重组成功	如何开户
1	最近一月重组成功股票	重组成功
0	最近一月重组成功股票	如何开户
1	什么股票最近一月重组成功	重组成功
0	什么股票最近一月重组成功	如何开户
1	重组成功	重组成功
0	重组成功	如何开户
1	重组成功股票	重组成功
0	重组成功股票	如何开户
1	什么股票重组成功	重组成功
0	什么股票重组成功	如何开户
1	一月重组成功	重组成功
0	一月重组成功	如何开户
1	一月重组成功股票	重组成功
0	一月重组成功股票	如何开户
1	什么股票一月重组成功	重组成功
0	什么股票一月重组成功	如何开户
1	最近重组成功	重组成功
0	最近重组成功	如何开户
1	最近重组成功股票	重组成功
0	最近重组成功股票	如何开户
1	什么股票最近重组成功	重组成功
0	什么股票最近重组成功	如何开户
1	最近一月重组成功	重组成功
0	最近一月重组成功	如何开户
1	最近一月重组成功股票	重组成功
0	最近一月重组成功股票	如何开户
1	什么股票最近一月重组成功	重组成功
0	什么股票最近一月重组成功	如何开户
1	重组	重组
0	重组	如何开户
1	重组股票	重组
0	重组股票	如何开户
1	什么股票重组	重组
0	什么股票重组	如何开户
1	正在重组	重组
0	正在重组	如何开户
1	正在重组股票	重组
0	正在重组股票	如何开户
1	什么股票正在重组	重组
0	什么股票正在重组	如何开户
1	最近正在重组	重组
0	最近正在重组	如何开户
1	最近正在重组股票	重组
0	最近正在重组股票	如何开户
1	什么股票最近正在重组	重组
0	什么股票最近正在重组	如何开户
1	一月正在重组	重组
0	一月正在重组	如何开户
1	一月正在重组股票	重组
0	一月正在重组股票	如何开户
1	什么股票一月正在重组	重组
0	什么股票一月正在重组	如何开户
1	最近一月正在重组	重组
0	最近一月正在重组	如何开户
1	最近一月正在重组股票	重组
0	最近一月正在重组股票	如何开户
1	什么股票最近一月正在重组	重组
0	什么股票最近一月正在重组	如何开户
1	重组	重组
0	重组	如何开户
1	重组股票	重组
0	重组股票	如何开户
1	什么股票重组	重组
0	什么股票重组	如何开户
1	正在重组	重组
0	正在重组	如何开户
1	正在重组股票	重组
0	正在重组股票	如何开户
1	什么股票正在重组	重组
0	什么股票正在重组	如何开户
1	最近正在重组	重组
0	最近正在重组	如何开户
1	最近正在重组股票	重组
0	最近正在重组股票	如何开户
1	什么股票最近正在重组	重组
0	什么股票最近正在重组	如何开户
1	一月正在重组	重组
0	一月正在重组	如何开户
1	一月正在重组股票	重组
0	一月正在重组股票	如何开户
1	什么股票一月正在重组	重组
0	什么股票一月正在重组	如何开户
1	最近一月正在重组	重组
0	最近一月正在重组	如何开户
1	最近一月正在重组股票	重组
0	最近一月正在重组股票	如何开户
1	什么股票最近一月正在重组	重组
0	什么股票最近一月正在重组	如何开户
1	股权激励	股权激励
0	股权激励	如何开户
1	股权激励股票	股权激励
0	股权激励股票	如何开户
1	什么股票股权激励	股权激励
0	什么股票股权激励	如何开户
1	最近股权激励	股权激励
0	最近股权激励	如何开户
1	最近股权激励股票	股权激励
0	最近股权激励股票	如何开户
1	什么股票最近股权激励	股权激励
0	什么股票最近股权激励	如何开户
1	一月股权激励	股权激励
0	一月股权激励	如何开户
1	一月股权激励股票	股权激励
0	一月股权激励股票	如何开户
1	什么股票一月股权激励	股权激励
0	什么股票一月股权激励	如何开户
1	最近一月股权激励	股权激励
0	最近一月股权激励	如何开户
1	最近一月股权激励股票	股权激励
0	最近一月股权激励股票	如何开户
1	什么股票最近一月股权激励	股权激励
0	什么股票最近一月股权激励	如何开户
1	股权激励	股权激励
0	股权激励	如何开户
1	股权激励股票	股权激励
0	股权激励股票	如何开户
1	什么股票股权激励	股权激励
0	什么股票股权激励	如何开户
1	最近股权激励	股权激励
0	最近股权激励	如何开户
1	最近股权激励股票	股权激励
0	最近股权激励股票	如何开户
1	什么股票最近股权激励	股权激励
0	什么股票最近股权激励	如何开户
1	一月股权激励	股权激励
0	一月股权激励	如何开户
1	一月股权激励股票	股权激励
0	一月股权激励股票	如何开户
1	什么股票一月股权激励	股权激励
0	什么股票一月股权激励	如何开户
1	最近一月股权激励	股权激励
0	最近一月股权激励	如何开户
1	最近一月股权激励股票	股权激励
0	最近一月股权激励股票	如何开户
1	什么股票最近一月股权激励	股权激励
0	什么股票最近一月股权激励	如何开户
1	跌破持股成本	跌破持股成本
0	跌破持股成本	如何开户
1	跌破持股成本股票	跌破持股成本
0	跌破持股成本股票	如何开户
1	什么股票跌破持股成本	跌破持股成本
0	什么股票跌破持股成本	如何开户
1	跌破员工持股成本	跌破持股成本
0	跌破员工持股成本	如何开户
1	跌破员工持股成本股票	跌破持股成本
0	跌破员工持股成本股票	如何开户
1	什么股票跌破员工持股成本	跌破持股成本
0	什么股票跌破员工持股成本	如何开户
1	价格跌破员工持股成本	跌破持股成本
0	价格跌破员工持股成本	如何开户
1	价格跌破员工持股成本股票	跌破持股成本
0	价格跌破员工持股成本股票	如何开户
1	什么股票价格跌破员工持股成本	跌破持股成本
0	什么股票价格跌破员工持股成本	如何开户
1	跌破持股成本	跌破持股成本
0	跌破持股成本	如何开户
1	跌破持股成本股票	跌破持股成本
0	跌破持股成本股票	如何开户
1	什么股票跌破持股成本	跌破持股成本
0	什么股票跌破持股成本	如何开户
1	跌破员工持股成本	跌破持股成本
0	跌破员工持股成本	如何开户
1	跌破员工持股成本股票	跌破持股成本
0	跌破员工持股成本股票	如何开户
1	什么股票跌破员工持股成本	跌破持股成本
0	什么股票跌破员工持股成本	如何开户
1	价格跌破员工持股成本	跌破持股成本
0	价格跌破员工持股成本	如何开户
1	价格跌破员工持股成本股票	跌破持股成本
0	价格跌破员工持股成本股票	如何开户
1	什么股票价格跌破员工持股成本	跌破持股成本
0	什么股票价格跌破员工持股成本	如何开户
1	2016年股权激励	2016年股权激励
0	2016年股权激励	如何开户
1	2016年股权激励股票	2016年股权激励
0	2016年股权激励股票	如何开户
1	什么股票2016年股权激励	2016年股权激励
0	什么股票2016年股权激励	如何开户
1	2016年股权激励	2016年股权激励
0	2016年股权激励	如何开户
1	2016年股权激励股票	2016年股权激励
0	2016年股权激励股票	如何开户
1	什么股票2016年股权激励	2016年股权激励
0	什么股票2016年股权激励	如何开户
1	高管增持小于	高管增持小于
0	高管增持小于	如何开户
1	高管增持小于股票	高管增持小于
0	高管增持小于股票	如何开户
1	什么股票高管增持小于	高管增持小于
0	什么股票高管增持小于	如何开户
1	高管增持大于	高管增持小于
0	高管增持大于	如何开户
1	高管增持大于股票	高管增持小于
0	高管增持大于股票	如何开户
1	什么股票高管增持大于	高管增持小于
0	什么股票高管增持大于	如何开户
1	高管增持大于1000万	高管增持小于
0	高管增持大于1000万	如何开户
1	高管增持大于1000万股票	高管增持小于
0	高管增持大于1000万股票	如何开户
1	什么股票高管增持大于1000万	高管增持小于
0	什么股票高管增持大于1000万	如何开户
1	高管增持小于	高管增持小于
0	高管增持小于	如何开户
1	高管增持小于股票	高管增持小于
0	高管增持小于股票	如何开户
1	什么股票高管增持小于	高管增持小于
0	什么股票高管增持小于	如何开户
1	高管增持大于	高管增持小于
0	高管增持大于	如何开户
1	高管增持大于股票	高管增持小于
0	高管增持大于股票	如何开户
1	什么股票高管增持大于	高管增持小于
0	什么股票高管增持大于	如何开户
1	高管增持大于1000万	高管增持小于
0	高管增持大于1000万	如何开户
1	高管增持大于1000万股票	高管增持小于
0	高管增持大于1000万股票	如何开户
1	什么股票高管增持大于1000万	高管增持小于
0	什么股票高管增持大于1000万	如何开户
1	高管增持	高管增持
0	高管增持	如何开户
1	高管增持股票	高管增持
0	高管增持股票	如何开户
1	什么股票高管增持	高管增持
0	什么股票高管增持	如何开户
1	高管增持	高管增持
0	高管增持	如何开户
1	高管增持股票	高管增持
0	高管增持股票	如何开户
1	什么股票高管增持	高管增持
0	什么股票高管增持	如何开户
1	最近高管减持	最近高管减持
0	最近高管减持	如何开户
1	最近高管减持股票	最近高管减持
0	最近高管减持股票	如何开户
1	什么股票最近高管减持	最近高管减持
0	什么股票最近高管减持	如何开户
1	最近高管减持	最近高管减持
0	最近高管减持	如何开户
1	最近高管减持股票	最近高管减持
0	最近高管减持股票	如何开户
1	什么股票最近高管减持	最近高管减持
0	什么股票最近高管减持	如何开户
1	限售解禁	限售解禁
0	限售解禁	如何开户
1	限售解禁股票	限售解禁
0	限售解禁股票	如何开户
1	什么股票限售解禁	限售解禁
0	什么股票限售解禁	如何开户
1	最近限售解禁	限售解禁
0	最近限售解禁	如何开户
1	最近限售解禁股票	限售解禁
0	最近限售解禁股票	如何开户
1	什么股票最近限售解禁	限售解禁
0	什么股票最近限售解禁	如何开户
1	限售解禁	限售解禁
0	限售解禁	如何开户
1	限售解禁股票	限售解禁
0	限售解禁股票	如何开户
1	什么股票限售解禁	限售解禁
0	什么股票限售解禁	如何开户
1	最近限售解禁	限售解禁
0	最近限售解禁	如何开户
1	最近限售解禁股票	限售解禁
0	最近限售解禁股票	如何开户
1	什么股票最近限售解禁	限售解禁
0	什么股票最近限售解禁	如何开户
1	限售股比例大于	限售股比例大于
0	限售股比例大于	如何开户
1	限售股比例大于股票	限售股比例大于
0	限售股比例大于股票	如何开户
1	什么股票限售股比例大于	限售股比例大于
0	什么股票限售股比例大于	如何开户
1	限售股比例小于	限售股比例大于
0	限售股比例小于	如何开户
1	限售股比例小于50%股票	限售股比例大于
0	限售股比例小于50%股票	如何开户
1	什么股票限售股比例小于50%	限售股比例大于
0	什么股票限售股比例小于50%	如何开户
1	限售股比例大于50%	限售股比例大于
0	限售股比例大于50%	如何开户
1	限售股比例大于50%股票	限售股比例大于
0	限售股比例大于50%股票	如何开户
1	什么股票限售股比例大于50%	限售股比例大于
0	什么股票限售股比例大于50%	如何开户
1	限售股比例大于	限售股比例大于
0	限售股比例大于	如何开户
1	限售股比例大于股票	限售股比例大于
0	限售股比例大于股票	如何开户
1	什么股票限售股比例大于	限售股比例大于
0	什么股票限售股比例大于	如何开户
1	限售股比例小于	限售股比例大于
0	限售股比例小于	如何开户
1	限售股比例小于50%股票	限售股比例大于
0	限售股比例小于50%股票	如何开户
1	什么股票限售股比例小于50%	限售股比例大于
0	什么股票限售股比例小于50%	如何开户
1	限售股比例大于50%	限售股比例大于
0	限售股比例大于50%	如何开户
1	限售股比例大于50%股票	限售股比例大于
0	限售股比例大于50%股票	如何开户
1	什么股票限售股比例大于50%	限售股比例大于
0	什么股票限售股比例大于50%	如何开户
1	最近大宗交易小于	最近大宗交易小于
0	最近大宗交易小于	如何开户
1	最近大宗交易小于股票	最近大宗交易小于
0	最近大宗交易小于股票	如何开户
1	什么股票最近大宗交易小于	最近大宗交易小于
0	什么股票最近大宗交易小于	如何开户
1	最近大宗交易大于	最近大宗交易小于
0	最近大宗交易大于	如何开户
1	最近大宗交易大于股票	最近大宗交易小于
0	最近大宗交易大于股票	如何开户
1	什么股票最近大宗交易大于	最近大宗交易小于
0	什么股票最近大宗交易大于	如何开户
1	最近大宗交易大于5000万	最近大宗交易小于
0	最近大宗交易大于5000万	如何开户
1	最近大宗交易大于5000万股票	最近大宗交易小于
0	最近大宗交易大于5000万股票	如何开户
1	什么股票最近大宗交易大于5000万	最近大宗交易小于
0	什么股票最近大宗交易大于5000万	如何开户
1	最近大宗交易小于	最近大宗交易小于
0	最近大宗交易小于	如何开户
1	最近大宗交易小于股票	最近大宗交易小于
0	最近大宗交易小于股票	如何开户
1	什么股票最近大宗交易小于	最近大宗交易小于
0	什么股票最近大宗交易小于	如何开户
1	最近大宗交易大于	最近大宗交易小于
0	最近大宗交易大于	如何开户
1	最近大宗交易大于股票	最近大宗交易小于
0	最近大宗交易大于股票	如何开户
1	什么股票最近大宗交易大于	最近大宗交易小于
0	什么股票最近大宗交易大于	如何开户
1	最近大宗交易大于5000万	最近大宗交易小于
0	最近大宗交易大于5000万	如何开户
1	最近大宗交易大于5000万股票	最近大宗交易小于
0	最近大宗交易大于5000万股票	如何开户
1	什么股票最近大宗交易大于5000万	最近大宗交易小于
0	什么股票最近大宗交易大于5000万	如何开户
1	大宗交易溢价率小于	大宗交易溢价率小于
0	大宗交易溢价率小于	如何开户
1	大宗交易溢价率小于股票	大宗交易溢价率小于
0	大宗交易溢价率小于股票	如何开户
1	什么股票大宗交易溢价率小于	大宗交易溢价率小于
0	什么股票大宗交易溢价率小于	如何开户
1	大宗交易溢价率大于	大宗交易溢价率小于
0	大宗交易溢价率大于	如何开户
1	大宗交易溢价率大于股票	大宗交易溢价率小于
0	大宗交易溢价率大于股票	如何开户
1	什么股票大宗交易溢价率大于	大宗交易溢价率小于
0	什么股票大宗交易溢价率大于	如何开户
1	大宗交易溢价率大于0	大宗交易溢价率小于
0	大宗交易溢价率大于0	如何开户
1	大宗交易溢价率大于0股票	大宗交易溢价率小于
0	大宗交易溢价率大于0股票	如何开户
1	什么股票大宗交易溢价率大于0	大宗交易溢价率小于
0	什么股票大宗交易溢价率大于0	如何开户
1	大宗交易溢价率小于	大宗交易溢价率小于
0	大宗交易溢价率小于	如何开户
1	大宗交易溢价率小于股票	大宗交易溢价率小于
0	大宗交易溢价率小于股票	如何开户
1	什么股票大宗交易溢价率小于	大宗交易溢价率小于
0	什么股票大宗交易溢价率小于	如何开户
1	大宗交易溢价率大于	大宗交易溢价率小于
0	大宗交易溢价率大于	如何开户
1	大宗交易溢价率大于股票	大宗交易溢价率小于
0	大宗交易溢价率大于股票	如何开户
1	什么股票大宗交易溢价率大于	大宗交易溢价率小于
0	什么股票大宗交易溢价率大于	如何开户
1	大宗交易溢价率大于0	大宗交易溢价率小于
0	大宗交易溢价率大于0	如何开户
1	大宗交易溢价率大于0股票	大宗交易溢价率小于
0	大宗交易溢价率大于0股票	如何开户
1	什么股票大宗交易溢价率大于0	大宗交易溢价率小于
0	什么股票大宗交易溢价率大于0	如何开户
1	大宗交易	大宗交易
0	大宗交易	如何开户
1	大宗交易股票	大宗交易
0	大宗交易股票	如何开户
1	什么股票大宗交易	大宗交易
0	什么股票大宗交易	如何开户
1	最近大宗交易	大宗交易
0	最近大宗交易	如何开户
1	最近大宗交易股票	大宗交易
0	最近大宗交易股票	如何开户
1	什么股票最近大宗交易	大宗交易
0	什么股票最近大宗交易	如何开户
1	大宗交易	大宗交易
0	大宗交易	如何开户
1	大宗交易股票	大宗交易
0	大宗交易股票	如何开户
1	什么股票大宗交易	大宗交易
0	什么股票大宗交易	如何开户
1	最近大宗交易	大宗交易
0	最近大宗交易	如何开户
1	最近大宗交易股票	大宗交易
0	最近大宗交易股票	如何开户
1	什么股票最近大宗交易	大宗交易
0	什么股票最近大宗交易	如何开户
1	近1周龙虎榜上榜次数大于2	近1周龙虎榜上榜次数大于2
0	近1周龙虎榜上榜次数大于2	如何开户
1	最近龙虎榜上榜次数	近1周龙虎榜上榜次数大于2
0	最近龙虎榜上榜次数	如何开户
1	近1周龙虎榜上榜次数大于2	近1周龙虎榜上榜次数大于2
0	近1周龙虎榜上榜次数大于2	如何开户
1	最近龙虎榜上榜次数	近1周龙虎榜上榜次数大于2
0	最近龙虎榜上榜次数	如何开户
1	融券卖出前十	融券卖出前十
0	融券卖出前十	如何开户
1	融券卖出前十股票	融券卖出前十
0	融券卖出前十股票	如何开户
1	什么股票融券卖出前十	融券卖出前十
0	什么股票融券卖出前十	如何开户
1	融券卖出	融券卖出前十
0	融券卖出	如何开户
1	融券卖出股票	融券卖出前十
0	融券卖出股票	如何开户
1	什么股票融券卖出	融券卖出前十
0	什么股票融券卖出	如何开户
1	融券卖出前十	融券卖出前十
0	融券卖出前十	如何开户
1	融券卖出前十股票	融券卖出前十
0	融券卖出前十股票	如何开户
1	什么股票融券卖出前十	融券卖出前十
0	什么股票融券卖出前十	如何开户
1	融券卖出	融券卖出前十
0	融券卖出	如何开户
1	融券卖出股票	融券卖出前十
0	融券卖出股票	如何开户
1	什么股票融券卖出	融券卖出前十
0	什么股票融券卖出	如何开户
1	融资买入前十	融资买入前十
0	融资买入前十	如何开户
1	融资买入前十股票	融资买入前十
0	融资买入前十股票	如何开户
1	什么股票融资买入前十	融资买入前十
0	什么股票融资买入前十	如何开户
1	融资买入	融资买入前十
0	融资买入	如何开户
1	融资买入股票	融资买入前十
0	融资买入股票	如何开户
1	什么股票融资买入	融资买入前十
0	什么股票融资买入	如何开户
1	融资买入前十	融资买入前十
0	融资买入前十	如何开户
1	融资买入前十股票	融资买入前十
0	融资买入前十股票	如何开户
1	什么股票融资买入前十	融资买入前十
0	什么股票融资买入前十	如何开户
1	融资买入	融资买入前十
0	融资买入	如何开户
1	融资买入股票	融资买入前十
0	融资买入股票	如何开户
1	什么股票融资买入	融资买入前十
0	什么股票融资买入	如何开户
1	20日线支撑	20日线支撑
0	20日线支撑	如何开户
1	20日均线支撑	20日线支撑
0	20日均线支撑	如何开户
1	20日线支撑股票	20日线支撑
0	20日线支撑股票	如何开户
1	什么股票20日线支撑	20日线支撑
0	什么股票20日线支撑	如何开户
1	20日线支撑	20日线支撑
0	20日线支撑	如何开户
1	20日均线支撑	20日线支撑
0	20日均线支撑	如何开户
1	20日线支撑股票	20日线支撑
0	20日线支撑股票	如何开户
1	什么股票20日线支撑	20日线支撑
0	什么股票20日线支撑	如何开户
1	5日线突破10日线	5日线突破10日线
0	5日线突破10日线	如何开户
1	5日线上穿10日线	5日线突破10日线
0	5日线上穿10日线	如何开户
1	5日均线上穿10日均线	5日线突破10日线
0	5日均线上穿10日均线	如何开户
1	5日线上穿10日线股票	5日线突破10日线
0	5日线上穿10日线股票	如何开户
1	什么股票5日线上穿10日线	5日线突破10日线
0	什么股票5日线上穿10日线	如何开户
1	5日线突破10日线	5日线突破10日线
0	5日线突破10日线	如何开户
1	5日线上穿10日线	5日线突破10日线
0	5日线上穿10日线	如何开户
1	5日均线上穿10日均线	5日线突破10日线
0	5日均线上穿10日均线	如何开户
1	5日线上穿10日线股票	5日线突破10日线
0	5日线上穿10日线股票	如何开户
1	什么股票5日线上穿10日线	5日线突破10日线
0	什么股票5日线上穿10日线	如何开户
1	kdj超卖	kdj超卖
0	kdj超卖	如何开户
1	kdj超卖股票	kdj超卖
0	kdj超卖股票	如何开户
1	什么股票kdj超卖	kdj超卖
0	什么股票kdj超卖	如何开户
1	kdj超卖	kdj超卖
0	kdj超卖	如何开户
1	kdj超卖股票	kdj超卖
0	kdj超卖股票	如何开户
1	什么股票kdj超卖	kdj超卖
0	什么股票kdj超卖	如何开户
1	kdj拐头向上	kdj拐头向上
0	kdj拐头向上	如何开户
1	kdj拐头向上股票	kdj拐头向上
0	kdj拐头向上股票	如何开户
1	什么股票kdj拐头向上	kdj拐头向上
0	什么股票kdj拐头向上	如何开户
1	kdj拐头向上	kdj拐头向上
0	kdj拐头向上	如何开户
1	kdj拐头向上股票	kdj拐头向上
0	kdj拐头向上股票	如何开户
1	什么股票kdj拐头向上	kdj拐头向上
0	什么股票kdj拐头向上	如何开户
1	kdj顶背离	kdj顶背离
0	kdj顶背离	如何开户
1	kdj顶背离股票	kdj顶背离
0	kdj顶背离股票	如何开户
1	什么股票kdj顶背离	kdj顶背离
0	什么股票kdj顶背离	如何开户
1	kdj顶背离	kdj顶背离
0	kdj顶背离	如何开户
1	kdj顶背离股票	kdj顶背离
0	kdj顶背离股票	如何开户
1	什么股票kdj顶背离	kdj顶背离
0	什么股票kdj顶背离	如何开户
1	macd顶背离	macd顶背离
0	macd顶背离	如何开户
1	macd顶背离股票	macd顶背离
0	macd顶背离股票	如何开户
1	什么股票macd顶背离	macd顶背离
0	什么股票macd顶背离	如何开户
1	macd顶背离	macd顶背离
0	macd顶背离	如何开户
1	macd顶背离股票	macd顶背离
0	macd顶背离股票	如何开户
1	什么股票macd顶背离	macd顶背离
0	什么股票macd顶背离	如何开户
1	macd上升	macd上升
0	macd上升	如何开户
1	macd上升股票	macd上升
0	macd上升股票	如何开户
1	什么股票macd上升	macd上升
0	什么股票macd上升	如何开户
1	macd上升	macd上升
0	macd上升	如何开户
1	macd上升股票	macd上升
0	macd上升股票	如何开户
1	什么股票macd上升	macd上升
0	什么股票macd上升	如何开户
1	连续3年每股收益保持增长率	连续3年每股收益保持增长率
0	连续3年每股收益保持增长率	如何开户
1	连续3年每股收益保持增长率股票	连续3年每股收益保持增长率
0	连续3年每股收益保持增长率股票	如何开户
1	什么股票连续3年每股收益保持增长率	连续3年每股收益保持增长率
0	什么股票连续3年每股收益保持增长率	如何开户
1	连续3年每股收益保持增长率	连续3年每股收益保持增长率
0	连续3年每股收益保持增长率	如何开户
1	连续3年每股收益保持增长率股票	连续3年每股收益保持增长率
0	连续3年每股收益保持增长率股票	如何开户
1	什么股票连续3年每股收益保持增长率	连续3年每股收益保持增长率
0	什么股票连续3年每股收益保持增长率	如何开户
1	基金持股	基金持股
0	基金持股	如何开户
1	基金持股股票	基金持股
0	基金持股股票	如何开户
1	什么股票基金持股	基金持股
0	什么股票基金持股	如何开户
1	基金持股	基金持股
0	基金持股	如何开户
1	基金持股股票	基金持股
0	基金持股股票	如何开户
1	什么股票基金持股	基金持股
0	什么股票基金持股	如何开户
1	券商持股	券商持股
0	券商持股	如何开户
1	券商持股股票	券商持股
0	券商持股股票	如何开户
1	什么股票券商持股	券商持股
0	什么股票券商持股	如何开户
1	券商持股	券商持股
0	券商持股	如何开户
1	券商持股股票	券商持股
0	券商持股股票	如何开户
1	什么股票券商持股	券商持股
0	什么股票券商持股	如何开户
1	社保持股	社保持股
0	社保持股	如何开户
1	社保持股股票	社保持股
0	社保持股股票	如何开户
1	什么股票社保持股	社保持股
0	什么股票社保持股	如何开户
1	社保持股	社保持股
0	社保持股	如何开户
1	社保持股股票	社保持股
0	社保持股股票	如何开户
1	什么股票社保持股	社保持股
0	什么股票社保持股	如何开户
1	信托持股	信托持股
0	信托持股	如何开户
1	信托持股股票	信托持股
0	信托持股股票	如何开户
1	什么股票信托持股	信托持股
0	什么股票信托持股	如何开户
1	信托持股	信托持股
0	信托持股	如何开户
1	信托持股股票	信托持股
0	信托持股股票	如何开户
1	什么股票信托持股	信托持股
0	什么股票信托持股	如何开户
1	保险持股	保险持股
0	保险持股	如何开户
1	保险持股股票	保险持股
0	保险持股股票	如何开户
1	什么股票保险持股	保险持股
0	什么股票保险持股	如何开户
1	保险持股	保险持股
0	保险持股	如何开户
1	保险持股股票	保险持股
0	保险持股股票	如何开户
1	什么股票保险持股	保险持股
0	什么股票保险持股	如何开户
1	境外机构持股	境外机构持股
0	境外机构持股	如何开户
1	境外机构持股股票	境外机构持股
0	境外机构持股股票	如何开户
1	什么股票境外机构持股	境外机构持股
0	什么股票境外机构持股	如何开户
1	qfii持股	境外机构持股
0	qfii持股	如何开户
1	qfii持股股票	境外机构持股
0	qfii持股股票	如何开户
1	什么股票qfii持股	境外机构持股
0	什么股票qfii持股	如何开户
1	境外机构持股	境外机构持股
0	境外机构持股	如何开户
1	境外机构持股股票	境外机构持股
0	境外机构持股股票	如何开户
1	什么股票境外机构持股	境外机构持股
0	什么股票境外机构持股	如何开户
1	qfii持股	境外机构持股
0	qfii持股	如何开户
1	qfii持股股票	境外机构持股
0	qfii持股股票	如何开户
1	什么股票qfii持股	境外机构持股
0	什么股票qfii持股	如何开户
1	大股东增持	大股东增持
0	大股东增持	如何开户
1	大股东增持股票	大股东增持
0	大股东增持股票	如何开户
1	什么股票大股东增持	大股东增持
0	什么股票大股东增持	如何开户
1	大股东增持	大股东增持
0	大股东增持	如何开户
1	大股东增持股票	大股东增持
0	大股东增持股票	如何开户
1	什么股票大股东增持	大股东增持
0	什么股票大股东增持	如何开户
1	大股东减持	大股东减持
0	大股东减持	如何开户
1	大股东减持股票	大股东减持
0	大股东减持股票	如何开户
1	什么股票大股东减持	大股东减持
0	什么股票大股东减持	如何开户
1	大股东减持	大股东减持
0	大股东减持	如何开户
1	大股东减持股票	大股东减持
0	大股东减持股票	如何开户
1	什么股票大股东减持	大股东减持
0	什么股票大股东减持	如何开户
1	高管减持	高管减持
0	高管减持	如何开户
1	高管减持股票	高管减持
0	高管减持股票	如何开户
1	什么股票高管减持	高管减持
0	什么股票高管减持	如何开户
1	高管减持	高管减持
0	高管减持	如何开户
1	高管减持股票	高管减持
0	高管减持股票	如何开户
1	什么股票高管减持	高管减持
0	什么股票高管减持	如何开户
1	最近一月业绩预告	最近一月业绩预告
0	最近一月业绩预告	如何开户
1	最近一月业绩预告股票	最近一月业绩预告
0	最近一月业绩预告股票	如何开户
1	什么股票最近一月业绩预告	最近一月业绩预告
0	什么股票最近一月业绩预告	如何开户
1	最近一月业绩预告	最近一月业绩预告
0	最近一月业绩预告	如何开户
1	最近一月业绩预告股票	最近一月业绩预告
0	最近一月业绩预告股票	如何开户
1	什么股票最近一月业绩预告	最近一月业绩预告
0	什么股票最近一月业绩预告	如何开户
1	最近一月政府补贴	最近一月政府补贴
0	最近一月政府补贴	如何开户
1	最近一月政府补贴股票	最近一月政府补贴
0	最近一月政府补贴股票	如何开户
1	什么股票最近一月政府补贴	最近一月政府补贴
0	什么股票最近一月政府补贴	如何开户
1	最近一月政府补贴	最近一月政府补贴
0	最近一月政府补贴	如何开户
1	最近一月政府补贴股票	最近一月政府补贴
0	最近一月政府补贴股票	如何开户
1	什么股票最近一月政府补贴	最近一月政府补贴
0	什么股票最近一月政府补贴	如何开户
1	最近一月分红派息	最近一月分红派息
0	最近一月分红派息	如何开户
1	最近一月分红派息股票	最近一月分红派息
0	最近一月分红派息股票	如何开户
1	什么股票最近一月分红派息	最近一月分红派息
0	什么股票最近一月分红派息	如何开户
1	最近一月分红派息	最近一月分红派息
0	最近一月分红派息	如何开户
1	最近一月分红派息股票	最近一月分红派息
0	最近一月分红派息股票	如何开户
1	什么股票最近一月分红派息	最近一月分红派息
0	什么股票最近一月分红派息	如何开户
1	最近一月重大合同	最近一月重大合同
0	最近一月重大合同	如何开户
1	最近一月重大合同股票	最近一月重大合同
0	最近一月重大合同股票	如何开户
1	什么股票最近一月重大合同	最近一月重大合同
0	什么股票最近一月重大合同	如何开户
1	最近一月重大合同	最近一月重大合同
0	最近一月重大合同	如何开户
1	最近一月重大合同股票	最近一月重大合同
0	最近一月重大合同股票	如何开户
1	什么股票最近一月重大合同	最近一月重大合同
0	什么股票最近一月重大合同	如何开户
1	最近一月项目投资	最近一月项目投资
0	最近一月项目投资	如何开户
1	最近一月项目投资股票	最近一月项目投资
0	最近一月项目投资股票	如何开户
1	什么股票最近一月项目投资	最近一月项目投资
0	什么股票最近一月项目投资	如何开户
1	最近一月项目投资	最近一月项目投资
0	最近一月项目投资	如何开户
1	最近一月项目投资股票	最近一月项目投资
0	最近一月项目投资股票	如何开户
1	什么股票最近一月项目投资	最近一月项目投资
0	什么股票最近一月项目投资	如何开户
1	最近一月高管增持	最近一月高管增持
0	最近一月高管增持	如何开户
1	最近一月高管增持股票	最近一月高管增持
0	最近一月高管增持股票	如何开户
1	什么股票最近一月高管增持	最近一月高管增持
0	什么股票最近一月高管增持	如何开户
1	最近一月高管增持	最近一月高管增持
0	最近一月高管增持	如何开户
1	最近一月高管增持股票	最近一月高管增持
0	最近一月高管增持股票	如何开户
1	什么股票最近一月高管增持	最近一月高管增持
0	什么股票最近一月高管增持	如何开户
1	最近一月高管变动	最近一月高管变动
0	最近一月高管变动	如何开户
1	最近一月高管变动股票	最近一月高管变动
0	最近一月高管变动股票	如何开户
1	什么股票最近一月高管变动	最近一月高管变动
0	什么股票最近一月高管变动	如何开户
1	最近一月高管变动	最近一月高管变动
0	最近一月高管变动	如何开户
1	最近一月高管变动股票	最近一月高管变动
0	最近一月高管变动股票	如何开户
1	什么股票最近一月高管变动	最近一月高管变动
0	什么股票最近一月高管变动	如何开户
1	中报高送转	中报高送转
0	中报高送转	如何开户
1	中报高送转股票	中报高送转
0	中报高送转股票	如何开户
1	什么股票中报高送转	中报高送转
0	什么股票中报高送转	如何开户
1	中报高送转	中报高送转
0	中报高送转	如何开户
1	中报高送转股票	中报高送转
0	中报高送转股票	如何开户
1	什么股票中报高送转	中报高送转
0	什么股票中报高送转	如何开户
1	游资卖出	游资卖出
0	游资卖出	如何开户
1	游资卖出股票	游资卖出
0	游资卖出股票	如何开户
1	什么股票游资卖出	游资卖出
0	什么股票游资卖出	如何开户
1	游资卖出	游资卖出
0	游资卖出	如何开户
1	游资卖出股票	游资卖出
0	游资卖出股票	如何开户
1	什么股票游资卖出	游资卖出
0	什么股票游资卖出	如何开户
1	特大单流出	特大单流出
0	特大单流出	如何开户
1	特大单流出股票	特大单流出
0	特大单流出股票	如何开户
1	什么股票特大单流出	特大单流出
0	什么股票特大单流出	如何开户
1	特大单流出	特大单流出
0	特大单流出	如何开户
1	特大单流出股票	特大单流出
0	特大单流出股票	如何开户
1	什么股票特大单流出	特大单流出
0	什么股票特大单流出	如何开户
1	大单流出	大单流出
0	大单流出	如何开户
1	大单流出股票	大单流出
0	大单流出股票	如何开户
1	什么股票大单流出	大单流出
0	什么股票大单流出	如何开户
1	大单流出	大单流出
0	大单流出	如何开户
1	大单流出股票	大单流出
0	大单流出股票	如何开户
1	什么股票大单流出	大单流出
0	什么股票大单流出	如何开户
1	特大单流入	特大单流入
0	特大单流入	如何开户
1	特大单流入股票	特大单流入
0	特大单流入股票	如何开户
1	什么股票特大单流入	特大单流入
0	什么股票特大单流入	如何开户
1	特大单流入	特大单流入
0	特大单流入	如何开户
1	特大单流入股票	特大单流入
0	特大单流入股票	如何开户
1	什么股票特大单流入	特大单流入
0	什么股票特大单流入	如何开户
1	大单流入	大单流入
0	大单流入	如何开户
1	大单流入股票	大单流入
0	大单流入股票	如何开户
1	什么股票大单流入	大单流入
0	什么股票大单流入	如何开户
1	大单流入	大单流入
0	大单流入	如何开户
1	大单流入股票	大单流入
0	大单流入股票	如何开户
1	什么股票大单流入	大单流入
0	什么股票大单流入	如何开户
1	游资买入	游资买入
0	游资买入	如何开户
1	游资买入股票	游资买入
0	游资买入股票	如何开户
1	什么股票游资买入	游资买入
0	什么股票游资买入	如何开户
1	游资买入	游资买入
0	游资买入	如何开户
1	游资买入股票	游资买入
0	游资买入股票	如何开户
1	什么股票游资买入	游资买入
0	什么股票游资买入	如何开户
1	横盘	横盘
0	横盘	如何开户
1	横盘股票	横盘
0	横盘股票	如何开户
1	什么股票横盘	横盘
0	什么股票横盘	如何开户
1	横盘	横盘
0	横盘	如何开户
1	横盘股票	横盘
0	横盘股票	如何开户
1	什么股票横盘	横盘
0	什么股票横盘	如何开户
1	筹码盈利比例最小	筹码盈利比例最小
0	筹码盈利比例最小	如何开户
1	筹码盈利比例最小股票	筹码盈利比例最小
0	筹码盈利比例最小股票	如何开户
1	什么股票筹码盈利比例最小	筹码盈利比例最小
0	什么股票筹码盈利比例最小	如何开户
1	筹码盈利比例较小	筹码盈利比例最小
0	筹码盈利比例较小	如何开户
1	筹码盈利比例较小股票	筹码盈利比例最小
0	筹码盈利比例较小股票	如何开户
1	什么股票筹码盈利比例较小	筹码盈利比例最小
0	什么股票筹码盈利比例较小	如何开户
1	筹码盈利比例最小	筹码盈利比例最小
0	筹码盈利比例最小	如何开户
1	筹码盈利比例最小股票	筹码盈利比例最小
0	筹码盈利比例最小股票	如何开户
1	什么股票筹码盈利比例最小	筹码盈利比例最小
0	什么股票筹码盈利比例最小	如何开户
1	筹码盈利比例较小	筹码盈利比例最小
0	筹码盈利比例较小	如何开户
1	筹码盈利比例较小股票	筹码盈利比例最小
0	筹码盈利比例较小股票	如何开户
1	什么股票筹码盈利比例较小	筹码盈利比例最小
0	什么股票筹码盈利比例较小	如何开户
1	筹码盈利比例最大	筹码盈利比例最大
0	筹码盈利比例最大	如何开户
1	筹码盈利比例最大股票	筹码盈利比例最大
0	筹码盈利比例最大股票	如何开户
1	什么股票筹码盈利比例最大	筹码盈利比例最大
0	什么股票筹码盈利比例最大	如何开户
1	筹码盈利比例较大	筹码盈利比例最大
0	筹码盈利比例较大	如何开户
1	筹码盈利比例较大股票	筹码盈利比例最大
0	筹码盈利比例较大股票	如何开户
1	什么股票筹码盈利比例较大	筹码盈利比例最大
0	什么股票筹码盈利比例较大	如何开户
1	筹码盈利比例最大	筹码盈利比例最大
0	筹码盈利比例最大	如何开户
1	筹码盈利比例最大股票	筹码盈利比例最大
0	筹码盈利比例最大股票	如何开户
1	什么股票筹码盈利比例最大	筹码盈利比例最大
0	什么股票筹码盈利比例最大	如何开户
1	筹码盈利比例较大	筹码盈利比例最大
0	筹码盈利比例较大	如何开户
1	筹码盈利比例较大股票	筹码盈利比例最大
0	筹码盈利比例较大股票	如何开户
1	什么股票筹码盈利比例较大	筹码盈利比例最大
0	什么股票筹码盈利比例较大	如何开户
1	价格支撑位附近	价格支撑位附近
0	价格支撑位附近	如何开户
1	价格支撑位附近股票	价格支撑位附近
0	价格支撑位附近股票	如何开户
1	什么股票价格支撑位附近	价格支撑位附近
0	什么股票价格支撑位附近	如何开户
1	价格支撑位附近	价格支撑位附近
0	价格支撑位附近	如何开户
1	价格支撑位附近股票	价格支撑位附近
0	价格支撑位附近股票	如何开户
1	什么股票价格支撑位附近	价格支撑位附近
0	什么股票价格支撑位附近	如何开户
1	流通股最小	流通股最小
0	流通股最小	如何开户
1	流通股最小股票	流通股最小
0	流通股最小股票	如何开户
1	什么股票流通股最小	流通股最小
0	什么股票流通股最小	如何开户
1	流通股本最小	流通股最小
0	流通股本最小	如何开户
1	流通股本最小股票	流通股最小
0	流通股本最小股票	如何开户
1	什么股票流通股本最小	流通股最小
0	什么股票流通股本最小	如何开户
1	流通股较小	流通股最小
0	流通股较小	如何开户
1	流通股较小股票	流通股最小
0	流通股较小股票	如何开户
1	什么股票流通股较小	流通股最小
0	什么股票流通股较小	如何开户
1	流通股本较小	流通股最小
0	流通股本较小	如何开户
1	流通股本较小股票	流通股最小
0	流通股本较小股票	如何开户
1	什么股票流通股本较小	流通股最小
0	什么股票流通股本较小	如何开户
1	流通股最小	流通股最小
0	流通股最小	如何开户
1	流通股最小股票	流通股最小
0	流通股最小股票	如何开户
1	什么股票流通股最小	流通股最小
0	什么股票流通股最小	如何开户
1	流通股本最小	流通股最小
0	流通股本最小	如何开户
1	流通股本最小股票	流通股最小
0	流通股本最小股票	如何开户
1	什么股票流通股本最小	流通股最小
0	什么股票流通股本最小	如何开户
1	流通股较小	流通股最小
0	流通股较小	如何开户
1	流通股较小股票	流通股最小
0	流通股较小股票	如何开户
1	什么股票流通股较小	流通股最小
0	什么股票流通股较小	如何开户
1	流通股本较小	流通股最小
0	流通股本较小	如何开户
1	流通股本较小股票	流通股最小
0	流通股本较小股票	如何开户
1	什么股票流通股本较小	流通股最小
0	什么股票流通股本较小	如何开户
1	特大盘股	特大盘股
0	特大盘股	如何开户
1	什么特大盘股	特大盘股
0	什么特大盘股	如何开户
1	特大盘股	特大盘股
0	特大盘股	如何开户
1	什么特大盘股	特大盘股
0	什么特大盘股	如何开户
1	小盘股	小盘股
0	小盘股	如何开户
1	小盘股票	小盘股
0	小盘股票	如何开户
1	什么小盘股	小盘股
0	什么小盘股	如何开户
1	什么股票小盘	小盘股
0	什么股票小盘	如何开户
1	小盘股	小盘股
0	小盘股	如何开户
1	小盘股票	小盘股
0	小盘股票	如何开户
1	什么小盘股	小盘股
0	什么小盘股	如何开户
1	什么股票小盘	小盘股
0	什么股票小盘	如何开户
1	流通股最大	流通股最大
0	流通股最大	如何开户
1	流通股最大股票	流通股最大
0	流通股最大股票	如何开户
1	什么股票流通股最大	流通股最大
0	什么股票流通股最大	如何开户
1	流通股本最大	流通股最大
0	流通股本最大	如何开户
1	流通股本最大股票	流通股最大
0	流通股本最大股票	如何开户
1	什么股票流通股本最大	流通股最大
0	什么股票流通股本最大	如何开户
1	流通股较大	流通股最大
0	流通股较大	如何开户
1	流通股较大股票	流通股最大
0	流通股较大股票	如何开户
1	什么股票流通股较大	流通股最大
0	什么股票流通股较大	如何开户
1	流通股本较大	流通股最大
0	流通股本较大	如何开户
1	流通股本较大股票	流通股最大
0	流通股本较大股票	如何开户
1	什么股票流通股本较大	流通股最大
0	什么股票流通股本较大	如何开户
1	流通股最大	流通股最大
0	流通股最大	如何开户
1	流通股最大股票	流通股最大
0	流通股最大股票	如何开户
1	什么股票流通股最大	流通股最大
0	什么股票流通股最大	如何开户
1	流通股本最大	流通股最大
0	流通股本最大	如何开户
1	流通股本最大股票	流通股最大
0	流通股本最大股票	如何开户
1	什么股票流通股本最大	流通股最大
0	什么股票流通股本最大	如何开户
1	流通股较大	流通股最大
0	流通股较大	如何开户
1	流通股较大股票	流通股最大
0	流通股较大股票	如何开户
1	什么股票流通股较大	流通股最大
0	什么股票流通股较大	如何开户
1	流通股本较大	流通股最大
0	流通股本较大	如何开户
1	流通股本较大股票	流通股最大
0	流通股本较大股票	如何开户
1	什么股票流通股本较大	流通股最大
0	什么股票流通股本较大	如何开户
1	大盘股	大盘股
0	大盘股	如何开户
1	什么大盘股	大盘股
0	什么大盘股	如何开户
1	大盘股	大盘股
0	大盘股	如何开户
1	什么大盘股	大盘股
0	什么大盘股	如何开户
1	中盘股	中盘股
0	中盘股	如何开户
1	什么中盘股	中盘股
0	什么中盘股	如何开户
1	中盘股	中盘股
0	中盘股	如何开户
1	什么中盘股	中盘股
0	什么中盘股	如何开户
1	较小市值较高增长率	较小市值较高增长率
0	较小市值较高增长率	如何开户
1	什么股票较小市值较高增长率	较小市值较高增长率
0	什么股票较小市值较高增长率	如何开户
1	较小市值较高增长率	较小市值较高增长率
0	较小市值较高增长率	如何开户
1	什么股票较小市值较高增长率	较小市值较高增长率
0	什么股票较小市值较高增长率	如何开户
1	上市天数最小	上市天数最小
0	上市天数最小	如何开户
1	什么股票上市天数最小	上市天数最小
0	什么股票上市天数最小	如何开户
1	上市时间最小	上市天数最小
0	上市时间最小	如何开户
1	什么股票上市时间最小	上市天数最小
0	什么股票上市时间最小	如何开户
1	上市天数较小	上市天数最小
0	上市天数较小	如何开户
1	什么股票上市天数较小	上市天数最小
0	什么股票上市天数较小	如何开户
1	上市时间较小	上市天数最小
0	上市时间较小	如何开户
1	什么股票上市时间较小	上市天数最小
0	什么股票上市时间较小	如何开户
1	上市天数最小	上市天数最小
0	上市天数最小	如何开户
1	什么股票上市天数最小	上市天数最小
0	什么股票上市天数最小	如何开户
1	上市时间最小	上市天数最小
0	上市时间最小	如何开户
1	什么股票上市时间最小	上市天数最小
0	什么股票上市时间最小	如何开户
1	上市天数较小	上市天数最小
0	上市天数较小	如何开户
1	什么股票上市天数较小	上市天数最小
0	什么股票上市天数较小	如何开户
1	上市时间较小	上市天数最小
0	上市时间较小	如何开户
1	什么股票上市时间较小	上市天数最小
0	什么股票上市时间较小	如何开户
1	上市天数最大	上市天数最大
0	上市天数最大	如何开户
1	什么股票上市天数最大	上市天数最大
0	什么股票上市天数最大	如何开户
1	上市时间最大	上市天数最大
0	上市时间最大	如何开户
1	什么股票上市时间最大	上市天数最大
0	什么股票上市时间最大	如何开户
1	上市天数较大	上市天数最大
0	上市天数较大	如何开户
1	什么股票上市天数较大	上市天数最大
0	什么股票上市天数较大	如何开户
1	上市时间较大	上市天数最大
0	上市时间较大	如何开户
1	什么股票上市时间较大	上市天数最大
0	什么股票上市时间较大	如何开户
1	上市天数最大	上市天数最大
0	上市天数最大	如何开户
1	什么股票上市天数最大	上市天数最大
0	什么股票上市天数最大	如何开户
1	上市时间最大	上市天数最大
0	上市时间最大	如何开户
1	什么股票上市时间最大	上市天数最大
0	什么股票上市时间最大	如何开户
1	上市天数较大	上市天数最大
0	上市天数较大	如何开户
1	什么股票上市天数较大	上市天数最大
0	什么股票上市天数较大	如何开户
1	上市时间较大	上市天数最大
0	上市时间较大	如何开户
1	什么股票上市时间较大	上市天数最大
0	什么股票上市时间较大	如何开户
1	次新股	次新股
0	次新股	如何开户
1	什么股票次新股	次新股
0	什么股票次新股	如何开户
1	次新股	次新股
0	次新股	如何开户
1	什么股票次新股	次新股
0	什么股票次新股	如何开户
1	流通市值最小	流通市值最小
0	流通市值最小	如何开户
1	什么股票流通市值最小	流通市值最小
0	什么股票流通市值最小	如何开户
1	流通市值较小	流通市值最小
0	流通市值较小	如何开户
1	什么股票流通市值较小	流通市值最小
0	什么股票流通市值较小	如何开户
1	流通市值最小	流通市值最小
0	流通市值最小	如何开户
1	什么股票流通市值最小	流通市值最小
0	什么股票流通市值最小	如何开户
1	流通市值较小	流通市值最小
0	流通市值较小	如何开户
1	什么股票流通市值较小	流通市值最小
0	什么股票流通市值较小	如何开户
1	流通市值最大	流通市值最大
0	流通市值最大	如何开户
1	什么股票流通市值最大	流通市值最大
0	什么股票流通市值最大	如何开户
1	流通市值较大	流通市值最大
0	流通市值较大	如何开户
1	什么股票流通市值较大	流通市值最大
0	什么股票流通市值较大	如何开户
1	流通市值最大	流通市值最大
0	流通市值最大	如何开户
1	什么股票流通市值最大	流通市值最大
0	什么股票流通市值最大	如何开户
1	流通市值较大	流通市值最大
0	流通市值较大	如何开户
1	什么股票流通市值较大	流通市值最大
0	什么股票流通市值较大	如何开户
1	上海a股	上海a股
0	上海a股	如何开户
1	什么股票上海a股	上海a股
0	什么股票上海a股	如何开户
1	沪市a股	上海a股
0	沪市a股	如何开户
1	沪市	上海a股
0	沪市	如何开户
1	沪市股票	上海a股
0	沪市股票	如何开户
1	什么股票沪市	上海a股
0	什么股票沪市	如何开户
1	什么股票沪市a股	上海a股
0	什么股票沪市a股	如何开户
1	上海a股	上海a股
0	上海a股	如何开户
1	什么股票上海a股	上海a股
0	什么股票上海a股	如何开户
1	沪市a股	上海a股
0	沪市a股	如何开户
1	沪市	上海a股
0	沪市	如何开户
1	沪市股票	上海a股
0	沪市股票	如何开户
1	什么股票沪市	上海a股
0	什么股票沪市	如何开户
1	什么股票沪市a股	上海a股
0	什么股票沪市a股	如何开户
1	中小板	中小板
0	中小板	如何开户
1	什么股票中小板	中小板
0	什么股票中小板	如何开户
1	中小板	中小板
0	中小板	如何开户
1	什么股票中小板	中小板
0	什么股票中小板	如何开户
1	创业板	创业板
0	创业板	如何开户
1	什么股票创业板	创业板
0	什么股票创业板	如何开户
1	创业板	创业板
0	创业板	如何开户
1	什么股票创业板	创业板
0	什么股票创业板	如何开户
1	深圳a股	深圳a股
0	深圳a股	如何开户
1	深市a股	深圳a股
0	深市a股	如何开户
1	深市	深圳a股
0	深市	如何开户
1	深市股票	深圳a股
0	深市股票	如何开户
1	什么股票深市	深圳a股
0	什么股票深市	如何开户
1	什么股票深市a股	深圳a股
0	什么股票深市a股	如何开户
1	深圳a股	深圳a股
0	深圳a股	如何开户
1	深市a股	深圳a股
0	深市a股	如何开户
1	深市	深圳a股
0	深市	如何开户
1	深市股票	深圳a股
0	深市股票	如何开户
1	什么股票深市	深圳a股
0	什么股票深市	如何开户
1	什么股票深市a股	深圳a股
0	什么股票深市a股	如何开户
1	流通股东持股最小	流通股东持股最小
0	流通股东持股最小	如何开户
1	什么股票流通股东持股最小	流通股东持股最小
0	什么股票流通股东持股最小	如何开户
1	流通股东持股较小	流通股东持股最小
0	流通股东持股较小	如何开户
1	什么股票流通股东持股较小	流通股东持股最小
0	什么股票流通股东持股较小	如何开户
1	流通股东持股最小	流通股东持股最小
0	流通股东持股最小	如何开户
1	什么股票流通股东持股最小	流通股东持股最小
0	什么股票流通股东持股最小	如何开户
1	流通股东持股较小	流通股东持股最小
0	流通股东持股较小	如何开户
1	什么股票流通股东持股较小	流通股东持股最小
0	什么股票流通股东持股较小	如何开户
1	流通股东持股最大	流通股东持股最大
0	流通股东持股最大	如何开户
1	什么股票流通股东持股最大	流通股东持股最大
0	什么股票流通股东持股最大	如何开户
1	流通股东持股较大	流通股东持股最大
0	流通股东持股较大	如何开户
1	什么股票流通股东持股较大	流通股东持股最大
0	什么股票流通股东持股较大	如何开户
1	流通股东持股	流通股东持股最大
0	流通股东持股	如何开户
1	流通股东持股最大	流通股东持股最大
0	流通股东持股最大	如何开户
1	什么股票流通股东持股最大	流通股东持股最大
0	什么股票流通股东持股最大	如何开户
1	流通股东持股较大	流通股东持股最大
0	流通股东持股较大	如何开户
1	什么股票流通股东持股较大	流通股东持股最大
0	什么股票流通股东持股较大	如何开户
1	流通股东持股	流通股东持股最大
0	流通股东持股	如何开户
1	机构持股最小	机构持股最小
0	机构持股最小	如何开户
1	什么股票机构持股最小	机构持股最小
0	什么股票机构持股最小	如何开户
1	机构持股较小	机构持股最小
0	机构持股较小	如何开户
1	什么股票机构持股较小	机构持股最小
0	什么股票机构持股较小	如何开户
1	机构持股最小	机构持股最小
0	机构持股最小	如何开户
1	什么股票机构持股最小	机构持股最小
0	什么股票机构持股最小	如何开户
1	机构持股较小	机构持股最小
0	机构持股较小	如何开户
1	什么股票机构持股较小	机构持股最小
0	什么股票机构持股较小	如何开户
1	机构持股最大	机构持股最大
0	机构持股最大	如何开户
1	什么股票机构持股最大	机构持股最大
0	什么股票机构持股最大	如何开户
1	机构持股较大	机构持股最大
0	机构持股较大	如何开户
1	什么股票机构持股较大	机构持股最大
0	什么股票机构持股较大	如何开户
1	机构持股最大	机构持股最大
0	机构持股最大	如何开户
1	什么股票机构持股最大	机构持股最大
0	什么股票机构持股最大	如何开户
1	机构持股较大	机构持股最大
0	机构持股较大	如何开户
1	什么股票机构持股较大	机构持股最大
0	什么股票机构持股较大	如何开户
1	机构持股	机构持股
0	机构持股	如何开户
1	机构持股	机构持股
0	机构持股	如何开户
1	每股收益增长率最小	每股收益增长率最小
0	每股收益增长率最小	如何开户
1	什么股票每股收益增长率最小	每股收益增长率最小
0	什么股票每股收益增长率最小	如何开户
1	每股收益增长率最小	每股收益增长率最小
0	每股收益增长率最小	如何开户
1	什么股票每股收益增长率最小	每股收益增长率最小
0	什么股票每股收益增长率最小	如何开户
1	每股收益增长率最大	每股收益增长率最大
0	每股收益增长率最大	如何开户
1	什么股票每股收益增长率最大	每股收益增长率最大
0	什么股票每股收益增长率最大	如何开户
1	每股收益增长率最大	每股收益增长率最大
0	每股收益增长率最大	如何开户
1	什么股票每股收益增长率最大	每股收益增长率最大
0	什么股票每股收益增长率最大	如何开户
1	破净	破净
0	破净	如何开户
1	破净股票	破净
0	破净股票	如何开户
1	破净	破净
0	破净	如何开户
1	破净股票	破净
0	破净股票	如何开户
1	破发	破发
0	破发	如何开户
1	破发股票	破发
0	破发股票	如何开户
1	跌破发行价	破发
0	跌破发行价	如何开户
1	破发	破发
0	破发	如何开户
1	破发股票	破发
0	破发股票	如何开户
1	跌破发行价	破发
0	跌破发行价	如何开户
1	价格创新高	价格创新高
0	价格创新高	如何开户
1	创新高股票	价格创新高
0	创新高股票	如何开户
1	什么股票价格创新高	价格创新高
0	什么股票价格创新高	如何开户
1	什么股票创新高	价格创新高
0	什么股票创新高	如何开户
1	价格创新高	价格创新高
0	价格创新高	如何开户
1	创新高股票	价格创新高
0	创新高股票	如何开户
1	什么股票价格创新高	价格创新高
0	什么股票价格创新高	如何开户
1	什么股票创新高	价格创新高
0	什么股票创新高	如何开户
1	价格创新低	价格创新低
0	价格创新低	如何开户
1	什么股票价格创新低	价格创新低
0	什么股票价格创新低	如何开户
1	价格创新低	价格创新低
0	价格创新低	如何开户
1	什么股票价格创新低	价格创新低
0	什么股票价格创新低	如何开户
1	量比最小	量比最小
0	量比最小	如何开户
1	什么股票量比最小	量比最小
0	什么股票量比最小	如何开户
1	量比最小	量比最小
0	量比最小	如何开户
1	什么股票量比最小	量比最小
0	什么股票量比最小	如何开户
1	量比最大	量比最大
0	量比最大	如何开户
1	什么股票量比最大	量比最大
0	什么股票量比最大	如何开户
1	最大量比	量比最大
0	最大量比	如何开户
1	什么股票最大量比	量比最大
0	什么股票最大量比	如何开户
1	量比最大	量比最大
0	量比最大	如何开户
1	什么股票量比最大	量比最大
0	什么股票量比最大	如何开户
1	最大量比	量比最大
0	最大量比	如何开户
1	什么股票最大量比	量比最大
0	什么股票最大量比	如何开户
1	委比最小	委比最小
0	委比最小	如何开户
1	什么股票委比最小	委比最小
0	什么股票委比最小	如何开户
1	委比最小	委比最小
0	委比最小	如何开户
1	什么股票委比最小	委比最小
0	什么股票委比最小	如何开户
1	委比最大	委比最大
0	委比最大	如何开户
1	什么股票委比最大	委比最大
0	什么股票委比最大	如何开户
1	委比最大	委比最大
0	委比最大	如何开户
1	什么股票委比最大	委比最大
0	什么股票委比最大	如何开户
1	销售毛利率最小	销售毛利率最小
0	销售毛利率最小	如何开户
1	什么股票销售毛利率最小	销售毛利率最小
0	什么股票销售毛利率最小	如何开户
1	销售毛利率最小	销售毛利率最小
0	销售毛利率最小	如何开户
1	什么股票销售毛利率最小	销售毛利率最小
0	什么股票销售毛利率最小	如何开户
1	销售毛利率最大	销售毛利率最大
0	销售毛利率最大	如何开户
1	什么股票销售毛利率最大	销售毛利率最大
0	什么股票销售毛利率最大	如何开户
1	销售毛利率最大	销售毛利率最大
0	销售毛利率最大	如何开户
1	什么股票销售毛利率最大	销售毛利率最大
0	什么股票销售毛利率最大	如何开户
1	市销率最小	市销率最小
0	市销率最小	如何开户
1	什么股票市销率最小	市销率最小
0	什么股票市销率最小	如何开户
1	市销率最小	市销率最小
0	市销率最小	如何开户
1	什么股票市销率最小	市销率最小
0	什么股票市销率最小	如何开户
1	市销率最大	市销率最大
0	市销率最大	如何开户
1	什么股票市销率最大	市销率最大
0	什么股票市销率最大	如何开户
1	市销率最大	市销率最大
0	市销率最大	如何开户
1	什么股票市销率最大	市销率最大
0	什么股票市销率最大	如何开户
1	市现率最小	市现率最小
0	市现率最小	如何开户
1	什么股票市现率最小	市现率最小
0	什么股票市现率最小	如何开户
1	市现率最小	市现率最小
0	市现率最小	如何开户
1	什么股票市现率最小	市现率最小
0	什么股票市现率最小	如何开户
1	市现率最大	市现率最大
0	市现率最大	如何开户
1	什么股票市现率最大	市现率最大
0	什么股票市现率最大	如何开户
1	市现率最大	市现率最大
0	市现率最大	如何开户
1	什么股票市现率最大	市现率最大
0	什么股票市现率最大	如何开户
1	每股现金流量净额最小	每股现金流量净额最小
0	每股现金流量净额最小	如何开户
1	什么股票每股现金流量净额最小	每股现金流量净额最小
0	什么股票每股现金流量净额最小	如何开户
1	每股现金流最少	每股现金流量净额最小
0	每股现金流最少	如何开户
1	每股现金流量净额最小	每股现金流量净额最小
0	每股现金流量净额最小	如何开户
1	什么股票每股现金流量净额最小	每股现金流量净额最小
0	什么股票每股现金流量净额最小	如何开户
1	每股现金流最少	每股现金流量净额最小
0	每股现金流最少	如何开户
1	每股现金流量净额最大	每股现金流量净额最大
0	每股现金流量净额最大	如何开户
1	什么股票每股现金流量净额最大	每股现金流量净额最大
0	什么股票每股现金流量净额最大	如何开户
1	每股现金流量最多	每股现金流量净额最大
0	每股现金流量最多	如何开户
1	每股现金流量净额最大	每股现金流量净额最大
0	每股现金流量净额最大	如何开户
1	什么股票每股现金流量净额最大	每股现金流量净额最大
0	什么股票每股现金流量净额最大	如何开户
1	每股现金流量最多	每股现金流量净额最大
0	每股现金流量最多	如何开户
1	每股未分配利润最小	每股未分配利润最小
0	每股未分配利润最小	如何开户
1	什么股票每股未分配利润最小	每股未分配利润最小
0	什么股票每股未分配利润最小	如何开户
1	每股未分配利润最小	每股未分配利润最小
0	每股未分配利润最小	如何开户
1	什么股票每股未分配利润最小	每股未分配利润最小
0	什么股票每股未分配利润最小	如何开户
1	每股未分配利润最大	每股未分配利润最大
0	每股未分配利润最大	如何开户
1	什么股票每股未分配利润最大	每股未分配利润最大
0	什么股票每股未分配利润最大	如何开户
1	每股未分配利润最大	每股未分配利润最大
0	每股未分配利润最大	如何开户
1	什么股票每股未分配利润最大	每股未分配利润最大
0	什么股票每股未分配利润最大	如何开户
1	每股资本公积最小	每股资本公积最小
0	每股资本公积最小	如何开户
1	什么股票每股资本公积最小	每股资本公积最小
0	什么股票每股资本公积最小	如何开户
1	每股资本公积最小	每股资本公积最小
0	每股资本公积最小	如何开户
1	什么股票每股资本公积最小	每股资本公积最小
0	什么股票每股资本公积最小	如何开户
1	每股资本公积最大	每股资本公积最大
0	每股资本公积最大	如何开户
1	什么股票每股资本公积最大	每股资本公积最大
0	什么股票每股资本公积最大	如何开户
1	每股资本公积最大	每股资本公积最大
0	每股资本公积最大	如何开户
1	什么股票每股资本公积最大	每股资本公积最大
0	什么股票每股资本公积最大	如何开户
1	每股股利最小	每股股利最小
0	每股股利最小	如何开户
1	什么股票每股股利最小	每股股利最小
0	什么股票每股股利最小	如何开户
1	每股股利最小	每股股利最小
0	每股股利最小	如何开户
1	什么股票每股股利最小	每股股利最小
0	什么股票每股股利最小	如何开户
1	每股股利最大	每股股利最大
0	每股股利最大	如何开户
1	什么股票每股股利最大	每股股利最大
0	什么股票每股股利最大	如何开户
1	每股股利最大	每股股利最大
0	每股股利最大	如何开户
1	什么股票每股股利最大	每股股利最大
0	什么股票每股股利最大	如何开户
1	资产负债率最小	资产负债率最小
0	资产负债率最小	如何开户
1	什么股票资产负债率最小	资产负债率最小
0	什么股票资产负债率最小	如何开户
1	资产负债率最小	资产负债率最小
0	资产负债率最小	如何开户
1	什么股票资产负债率最小	资产负债率最小
0	什么股票资产负债率最小	如何开户
1	资产负债率最大	资产负债率最大
0	资产负债率最大	如何开户
1	什么股票资产负债率最大	资产负债率最大
0	什么股票资产负债率最大	如何开户
1	资产负债率最大	资产负债率最大
0	资产负债率最大	如何开户
1	什么股票资产负债率最大	资产负债率最大
0	什么股票资产负债率最大	如何开户
1	资产报酬率最小	资产报酬率最小
0	资产报酬率最小	如何开户
1	什么股票资产报酬率最小	资产报酬率最小
0	什么股票资产报酬率最小	如何开户
1	资产报酬率最小	资产报酬率最小
0	资产报酬率最小	如何开户
1	什么股票资产报酬率最小	资产报酬率最小
0	什么股票资产报酬率最小	如何开户
1	资产报酬率最大	资产报酬率最大
0	资产报酬率最大	如何开户
1	什么股票资产报酬率最大	资产报酬率最大
0	什么股票资产报酬率最大	如何开户
1	资产报酬率最大	资产报酬率最大
0	资产报酬率最大	如何开户
1	什么股票资产报酬率最大	资产报酬率最大
0	什么股票资产报酬率最大	如何开户
1	资产净利率最小	资产净利率最小
0	资产净利率最小	如何开户
1	什么股票资产净利率最小	资产净利率最小
0	什么股票资产净利率最小	如何开户
1	资产净利率最小	资产净利率最小
0	资产净利率最小	如何开户
1	什么股票资产净利率最小	资产净利率最小
0	什么股票资产净利率最小	如何开户
1	资产净利率最大	资产净利率最大
0	资产净利率最大	如何开户
1	什么股票资产净利率最大	资产净利率最大
0	什么股票资产净利率最大	如何开户
1	资产净利率最大	资产净利率最大
0	资产净利率最大	如何开户
1	什么股票资产净利率最大	资产净利率最大
0	什么股票资产净利率最大	如何开户
1	总股本最小	总股本最小
0	总股本最小	如何开户
1	什么股票总股本最小	总股本最小
0	什么股票总股本最小	如何开户
1	总股本最小	总股本最小
0	总股本最小	如何开户
1	什么股票总股本最小	总股本最小
0	什么股票总股本最小	如何开户
1	总股本最大	总股本最大
0	总股本最大	如何开户
1	什么股票总股本最大	总股本最大
0	什么股票总股本最大	如何开户
1	总股本最大	总股本最大
0	总股本最大	如何开户
1	什么股票总股本最大	总股本最大
0	什么股票总股本最大	如何开户
1	股东人数最小	股东人数最小
0	股东人数最小	如何开户
1	什么股票股东人数最小	股东人数最小
0	什么股票股东人数最小	如何开户
1	股东人数最小	股东人数最小
0	股东人数最小	如何开户
1	什么股票股东人数最小	股东人数最小
0	什么股票股东人数最小	如何开户
1	股东人数最大	股东人数最大
0	股东人数最大	如何开户
1	什么股票股东人数最大	股东人数最大
0	什么股票股东人数最大	如何开户
1	股东人数最大	股东人数最大
0	股东人数最大	如何开户
1	什么股票股东人数最大	股东人数最大
0	什么股票股东人数最大	如何开户
1	人均持股最小	人均持股最小
0	人均持股最小	如何开户
1	什么股票人均持股最小	人均持股最小
0	什么股票人均持股最小	如何开户
1	人均持股最小	人均持股最小
0	人均持股最小	如何开户
1	什么股票人均持股最小	人均持股最小
0	什么股票人均持股最小	如何开户
1	人均持股最大	人均持股最大
0	人均持股最大	如何开户
1	什么股票人均持股最大	人均持股最大
0	什么股票人均持股最大	如何开户
1	人均持股最大	人均持股最大
0	人均持股最大	如何开户
1	什么股票人均持股最大	人均持股最大
0	什么股票人均持股最大	如何开户
1	成交量最小	成交量最小
0	成交量最小	如何开户
1	什么股票成交量最小	成交量最小
0	什么股票成交量最小	如何开户
1	成交量最小	成交量最小
0	成交量最小	如何开户
1	什么股票成交量最小	成交量最小
0	什么股票成交量最小	如何开户
1	成交量最大	成交量最大
0	成交量最大	如何开户
1	什么股票成交量最大	成交量最大
0	什么股票成交量最大	如何开户
1	成交量最大	成交量最大
0	成交量最大	如何开户
1	什么股票成交量最大	成交量最大
0	什么股票成交量最大	如何开户
1	每股净资产最小	每股净资产最小
0	每股净资产最小	如何开户
1	什么股票每股净资产最小	每股净资产最小
0	什么股票每股净资产最小	如何开户
1	每股净资产最小	每股净资产最小
0	每股净资产最小	如何开户
1	什么股票每股净资产最小	每股净资产最小
0	什么股票每股净资产最小	如何开户
1	每股净资产最大	每股净资产最大
0	每股净资产最大	如何开户
1	什么股票每股净资产最大	每股净资产最大
0	什么股票每股净资产最大	如何开户
1	每股净资产最大	每股净资产最大
0	每股净资产最大	如何开户
1	什么股票每股净资产最大	每股净资产最大
0	什么股票每股净资产最大	如何开户
1	净资产最小	净资产最小
0	净资产最小	如何开户
1	什么股票净资产最小	净资产最小
0	什么股票净资产最小	如何开户
1	净资产最小	净资产最小
0	净资产最小	如何开户
1	什么股票净资产最小	净资产最小
0	什么股票净资产最小	如何开户
1	净资产最大	净资产最大
0	净资产最大	如何开户
1	什么股票净资产最大	净资产最大
0	什么股票净资产最大	如何开户
1	净资产最大	净资产最大
0	净资产最大	如何开户
1	什么股票净资产最大	净资产最大
0	什么股票净资产最大	如何开户
1	资本公积最小	资本公积最小
0	资本公积最小	如何开户
1	什么股票资本公积最小	资本公积最小
0	什么股票资本公积最小	如何开户
1	资本公积最小	资本公积最小
0	资本公积最小	如何开户
1	什么股票资本公积最小	资本公积最小
0	什么股票资本公积最小	如何开户
1	资本公积最大	资本公积最大
0	资本公积最大	如何开户
1	什么股票资本公积最大	资本公积最大
0	什么股票资本公积最大	如何开户
1	资本公积最大	资本公积最大
0	资本公积最大	如何开户
1	什么股票资本公积最大	资本公积最大
0	什么股票资本公积最大	如何开户
1	未分配利润最小	未分配利润最小
0	未分配利润最小	如何开户
1	什么股票未分配利润最小	未分配利润最小
0	什么股票未分配利润最小	如何开户
1	未分配利润最小	未分配利润最小
0	未分配利润最小	如何开户
1	什么股票未分配利润最小	未分配利润最小
0	什么股票未分配利润最小	如何开户
1	未分配利润最大	未分配利润最大
0	未分配利润最大	如何开户
1	什么股票未分配利润最大	未分配利润最大
0	什么股票未分配利润最大	如何开户
1	未分配利润最大	未分配利润最大
0	未分配利润最大	如何开户
1	什么股票未分配利润最大	未分配利润最大
0	什么股票未分配利润最大	如何开户
1	撤销st股票	撤销st股票
0	撤销st股票	如何开户
1	st摘帽股票	撤销st股票
0	st摘帽股票	如何开户
1	撤销st股票	撤销st股票
0	撤销st股票	如何开户
1	st摘帽股票	撤销st股票
0	st摘帽股票	如何开户
1	st股票	st股票
0	st股票	如何开户
1	st股票	st股票
0	st股票	如何开户
1	跌破每股净资产	跌破每股净资产
0	跌破每股净资产	如何开户
1	什么股票跌破每股净资产	跌破每股净资产
0	什么股票跌破每股净资产	如何开户
1	跌破每股净资产	跌破每股净资产
0	跌破每股净资产	如何开户
1	什么股票跌破每股净资产	跌破每股净资产
0	什么股票跌破每股净资产	如何开户
1	龙头股票	龙头股票
0	龙头股票	如何开户
1	龙头股	龙头股票
0	龙头股	如何开户
1	龙头股票	龙头股票
0	龙头股票	如何开户
1	龙头股	龙头股票
0	龙头股	如何开户
1	布政使国企	布政使国企
0	布政使国企	如何开户
1	布政使国企股票	布政使国企
0	布政使国企股票	如何开户
1	布政使国企股票什么	布政使国企
0	布政使国企股票什么	如何开户
1	布政使国企	布政使国企
0	布政使国企	如何开户
1	布政使国企股票	布政使国企
0	布政使国企股票	如何开户
1	布政使国企股票什么	布政使国企
0	布政使国企股票什么	如何开户
1	股票名称高管	股票名称高管
0	股票名称高管	如何开户
1	股票名称高管	股票名称高管
0	股票名称高管	如何开户
1	股票名称的总经理	股票名称的总经理
0	股票名称的总经理	如何开户
1	股票名称的总经理	股票名称的总经理
0	股票名称的总经理	如何开户
1	股票名称助理	股票名称助理
0	股票名称助理	如何开户
1	股票名称助理	股票名称助理
0	股票名称助理	如何开户
1	股票名称秘书	股票名称秘书
0	股票名称秘书	如何开户
1	股票名称秘书	股票名称秘书
0	股票名称秘书	如何开户
1	国子监高管	国子监高管
0	国子监高管	如何开户
1	国子监毕业高管	国子监高管
0	国子监毕业高管	如何开户
1	国子监什么高管	国子监高管
0	国子监什么高管	如何开户
1	国子监高管	国子监高管
0	国子监高管	如何开户
1	国子监毕业高管	国子监高管
0	国子监毕业高管	如何开户
1	国子监什么高管	国子监高管
0	国子监什么高管	如何开户
1	国子监毕业经理	国子监毕业经理
0	国子监毕业经理	如何开户
1	国子监经理	国子监毕业经理
0	国子监经理	如何开户
1	国子监什么经理	国子监毕业经理
0	国子监什么经理	如何开户
1	国子监毕业经理	国子监毕业经理
0	国子监毕业经理	如何开户
1	国子监经理	国子监毕业经理
0	国子监经理	如何开户
1	国子监什么经理	国子监毕业经理
0	国子监什么经理	如何开户
1	国子监毕业助理	国子监毕业助理
0	国子监毕业助理	如何开户
1	国子监助理	国子监毕业助理
0	国子监助理	如何开户
1	国子监什么助理	国子监毕业助理
0	国子监什么助理	如何开户
1	国子监毕业助理	国子监毕业助理
0	国子监毕业助理	如何开户
1	国子监助理	国子监毕业助理
0	国子监助理	如何开户
1	国子监什么助理	国子监毕业助理
0	国子监什么助理	如何开户
1	国子监毕业秘书	国子监毕业秘书
0	国子监毕业秘书	如何开户
1	国子监秘书	国子监毕业秘书
0	国子监秘书	如何开户
1	国子监什么秘书	国子监毕业秘书
0	国子监什么秘书	如何开户
1	国子监毕业秘书	国子监毕业秘书
0	国子监毕业秘书	如何开户
1	国子监秘书	国子监毕业秘书
0	国子监秘书	如何开户
1	国子监什么秘书	国子监毕业秘书
0	国子监什么秘书	如何开户
1	庶吉士学历高管	庶吉士学历高管
0	庶吉士学历高管	如何开户
1	庶吉士毕业高管	庶吉士学历高管
0	庶吉士毕业高管	如何开户
1	庶吉士高管	庶吉士学历高管
0	庶吉士高管	如何开户
1	庶吉士学历高管	庶吉士学历高管
0	庶吉士学历高管	如何开户
1	庶吉士毕业高管	庶吉士学历高管
0	庶吉士毕业高管	如何开户
1	庶吉士高管	庶吉士学历高管
0	庶吉士高管	如何开户
1	男高管	男高管
0	男高管	如何开户
1	男性高管	男高管
0	男性高管	如何开户
1	男高管什么	男高管
0	男高管什么	如何开户
1	女高管	男高管
0	女高管	如何开户
1	女性高管	男高管
0	女性高管	如何开户
1	女高管什么	男高管
0	女高管什么	如何开户
1	男高管	男高管
0	男高管	如何开户
1	男性高管	男高管
0	男性高管	如何开户
1	男高管什么	男高管
0	男高管什么	如何开户
1	女高管	男高管
0	女高管	如何开户
1	女性高管	男高管
0	女性高管	如何开户
1	女高管什么	男高管
0	女高管什么	如何开户
1	男尚书令	男尚书令
0	男尚书令	如何开户
1	男尚书令什么	男尚书令
0	男尚书令什么	如何开户
1	女尚书令	男尚书令
0	女尚书令	如何开户
1	女尚书令什么	男尚书令
0	女尚书令什么	如何开户
1	男性尚书令	男尚书令
0	男性尚书令	如何开户
1	女性尚书令	男尚书令
0	女性尚书令	如何开户
1	男尚书令	男尚书令
0	男尚书令	如何开户
1	男尚书令什么	男尚书令
0	男尚书令什么	如何开户
1	女尚书令	男尚书令
0	女尚书令	如何开户
1	女尚书令什么	男尚书令
0	女尚书令什么	如何开户
1	男性尚书令	男尚书令
0	男性尚书令	如何开户
1	女性尚书令	男尚书令
0	女性尚书令	如何开户
1	年龄最小高管	年龄最小高管
0	年龄最小高管	如何开户
1	年龄最小高管	年龄最小高管
0	年龄最小高管	如何开户
1	年龄最大高管	年龄最大高管
0	年龄最大高管	如何开户
1	年龄最大高管	年龄最大高管
0	年龄最大高管	如何开户
1	年龄最小尚书令	年龄最小尚书令
0	年龄最小尚书令	如何开户
1	年龄最小尚书令	年龄最小尚书令
0	年龄最小尚书令	如何开户
1	年龄最大尚书令	年龄最大尚书令
0	年龄最大尚书令	如何开户
1	年龄最大尚书令	年龄最大尚书令
0	年龄最大尚书令	如何开户
1	持股最小高管	持股最小高管
0	持股最小高管	如何开户
1	持股数最少高管	持股最小高管
0	持股数最少高管	如何开户
1	持股最小高管	持股最小高管
0	持股最小高管	如何开户
1	持股数最少高管	持股最小高管
0	持股数最少高管	如何开户
1	持股最大高管	持股最大高管
0	持股最大高管	如何开户
1	持股数最多高管	持股最大高管
0	持股数最多高管	如何开户
1	持股最大高管	持股最大高管
0	持股最大高管	如何开户
1	持股数最多高管	持股最大高管
0	持股数最多高管	如何开户
1	持股最小尚书令	持股最小尚书令
0	持股最小尚书令	如何开户
1	持股数最少尚书令	持股最小尚书令
0	持股数最少尚书令	如何开户
1	持股最小尚书令	持股最小尚书令
0	持股最小尚书令	如何开户
1	持股数最少尚书令	持股最小尚书令
0	持股数最少尚书令	如何开户
1	持股最大尚书令	持股最大尚书令
0	持股最大尚书令	如何开户
1	持股数最多尚书令	持股最大尚书令
0	持股数最多尚书令	如何开户
1	持股最大尚书令	持股最大尚书令
0	持股最大尚书令	如何开户
1	持股数最多尚书令	持股最大尚书令
0	持股数最多尚书令	如何开户
1	薪资最小高管	薪资最小高管
0	薪资最小高管	如何开户
1	薪资最小高管	薪资最小高管
0	薪资最小高管	如何开户
1	薪资最大高管	薪资最大高管
0	薪资最大高管	如何开户
1	薪资最大高管	薪资最大高管
0	薪资最大高管	如何开户
1	薪资最小尚书令	薪资最小尚书令
0	薪资最小尚书令	如何开户
1	薪水最小尚书令	薪资最小尚书令
0	薪水最小尚书令	如何开户
1	薪资最小尚书令	薪资最小尚书令
0	薪资最小尚书令	如何开户
1	薪水最小尚书令	薪资最小尚书令
0	薪水最小尚书令	如何开户
1	薪资最大尚书令	薪资最大尚书令
0	薪资最大尚书令	如何开户
1	薪水最大尚书令	薪资最大尚书令
0	薪水最大尚书令	如何开户
1	薪资最大尚书令	薪资最大尚书令
0	薪资最大尚书令	如何开户
1	薪水最大尚书令	薪资最大尚书令
0	薪水最大尚书令	如何开户
1	股票名称大宗交易	股票名称大宗交易
0	股票名称大宗交易	如何开户
1	股票名称大宗交易	股票名称大宗交易
0	股票名称大宗交易	如何开户
1	股票名称限售解禁	股票名称限售解禁
0	股票名称限售解禁	如何开户
1	股票名称限售解禁	股票名称限售解禁
0	股票名称限售解禁	如何开户
1	股票名称机构预测	股票名称机构预测
0	股票名称机构预测	如何开户
1	股票名称机构预测	股票名称机构预测
0	股票名称机构预测	如何开户
1	股票名称配股	股票名称配股
0	股票名称配股	如何开户
1	股票名称配售	股票名称配股
0	股票名称配售	如何开户
1	股票名称配股	股票名称配股
0	股票名称配股	如何开户
1	股票名称配售	股票名称配股
0	股票名称配售	如何开户
1	股票名称高管持股变动	股票名称高管持股变动
0	股票名称高管持股变动	如何开户
1	股票名称持股变动	股票名称高管持股变动
0	股票名称持股变动	如何开户
1	股票名称高管持股变动	股票名称高管持股变动
0	股票名称高管持股变动	如何开户
1	股票名称持股变动	股票名称高管持股变动
0	股票名称持股变动	如何开户
1	股票名称增发	股票名称增发
0	股票名称增发	如何开户
1	股票名称增发	股票名称增发
0	股票名称增发	如何开户
1	股票名称定向增发	股票名称定向增发
0	股票名称定向增发	如何开户
1	股票名称定增	股票名称定向增发
0	股票名称定增	如何开户
1	股票名称定向增发	股票名称定向增发
0	股票名称定向增发	如何开户
1	股票名称定增	股票名称定向增发
0	股票名称定增	如何开户
1	科技股	科技股
0	科技股	如何开户
1	科技股股票	科技股
0	科技股股票	如何开户
1	什么股票科技股	科技股
0	什么股票科技股	如何开户
1	科技股	科技股
0	科技股	如何开户
1	科技股股票	科技股
0	科技股股票	如何开户
1	什么股票科技股	科技股
0	什么股票科技股	如何开户
1	股权转让	股权转让
0	股权转让	如何开户
1	股权转让股票	股权转让
0	股权转让股票	如何开户
1	什么股票股权转让	股权转让
0	什么股票股权转让	如何开户
1	股权转让	股权转让
0	股权转让	如何开户
1	股权转让股票	股权转让
0	股权转让股票	如何开户
1	什么股票股权转让	股权转让
0	什么股票股权转让	如何开户
1	重组失败	重组失败
0	重组失败	如何开户
1	重组失败股票	重组失败
0	重组失败股票	如何开户
1	什么股票重组失败	重组失败
0	什么股票重组失败	如何开户
1	重组失败	重组失败
0	重组失败	如何开户
1	重组失败股票	重组失败
0	重组失败股票	如何开户
1	什么股票重组失败	重组失败
0	什么股票重组失败	如何开户
1	10转1以上	10转1以上
0	10转1以上	如何开户
1	10转1以上股票	10转1以上
0	10转1以上股票	如何开户
1	什么股票10转1以上	10转1以上
0	什么股票10转1以上	如何开户
1	10转1以上	10转1以上
0	10转1以上	如何开户
1	10转1以上股票	10转1以上
0	10转1以上股票	如何开户
1	什么股票10转1以上	10转1以上
0	什么股票10转1以上	如何开户
1	10送1以上	10送1以上
0	10送1以上	如何开户
1	10送1以上股票	10送1以上
0	10送1以上股票	如何开户
1	什么股票10送1以上	10送1以上
0	什么股票10送1以上	如何开户
1	10送1以上	10送1以上
0	10送1以上	如何开户
1	10送1以上股票	10送1以上
0	10送1以上股票	如何开户
1	什么股票10送1以上	10送1以上
0	什么股票10送1以上	如何开户
1	10派1以上	10派1以上
0	10派1以上	如何开户
1	10派1以上股票	10派1以上
0	10派1以上股票	如何开户
1	什么股票10派1以上	10派1以上
0	什么股票10派1以上	如何开户
1	10派1以上	10派1以上
0	10派1以上	如何开户
1	10派1以上股票	10派1以上
0	10派1以上股票	如何开户
1	什么股票10派1以上	10派1以上
0	什么股票10派1以上	如何开户
1	港股通	港股通
0	港股通	如何开户
1	港股通股票	港股通
0	港股通股票	如何开户
1	什么股票港股通	港股通
0	什么股票港股通	如何开户
1	港股通概念股	港股通
0	港股通概念股	如何开户
1	港股通概念股股票	港股通
0	港股通概念股股票	如何开户
1	什么股票港股通概念股	港股通
0	什么股票港股通概念股	如何开户
1	港股通	港股通
0	港股通	如何开户
1	港股通股票	港股通
0	港股通股票	如何开户
1	什么股票港股通	港股通
0	什么股票港股通	如何开户
1	港股通概念股	港股通
0	港股通概念股	如何开户
1	港股通概念股股票	港股通
0	港股通概念股股票	如何开户
1	什么股票港股通概念股	港股通
0	什么股票港股通概念股	如何开户
1	资源	资源
0	资源	如何开户
1	资源股票	资源
0	资源股票	如何开户
1	什么股票资源	资源
0	什么股票资源	如何开户
1	资源概念股	资源
0	资源概念股	如何开户
1	资源概念股股票	资源
0	资源概念股股票	如何开户
1	什么股票资源概念股	资源
0	什么股票资源概念股	如何开户
1	资源类股票	资源
0	资源类股票	如何开户
1	资源	资源
0	资源	如何开户
1	资源股票	资源
0	资源股票	如何开户
1	什么股票资源	资源
0	什么股票资源	如何开户
1	资源概念股	资源
0	资源概念股	如何开户
1	资源概念股股票	资源
0	资源概念股股票	如何开户
1	什么股票资源概念股	资源
0	什么股票资源概念股	如何开户
1	资源类股票	资源
0	资源类股票	如何开户
1	互联网	互联网
0	互联网	如何开户
1	互联网股票	互联网
0	互联网股票	如何开户
1	什么股票互联网	互联网
0	什么股票互联网	如何开户
1	互联网概念股	互联网
0	互联网概念股	如何开户
1	互联网概念股股票	互联网
0	互联网概念股股票	如何开户
1	什么股票互联网概念股	互联网
0	什么股票互联网概念股	如何开户
1	互联网	互联网
0	互联网	如何开户
1	互联网股票	互联网
0	互联网股票	如何开户
1	什么股票互联网	互联网
0	什么股票互联网	如何开户
1	互联网概念股	互联网
0	互联网概念股	如何开户
1	互联网概念股股票	互联网
0	互联网概念股股票	如何开户
1	什么股票互联网概念股	互联网
0	什么股票互联网概念股	如何开户
1	核电	核电
0	核电	如何开户
1	核电股票	核电
0	核电股票	如何开户
1	什么股票核电	核电
0	什么股票核电	如何开户
1	核电概念股	核电
0	核电概念股	如何开户
1	核电概念股股票	核电
0	核电概念股股票	如何开户
1	什么股票核电概念股	核电
0	什么股票核电概念股	如何开户
1	核电	核电
0	核电	如何开户
1	核电股票	核电
0	核电股票	如何开户
1	什么股票核电	核电
0	什么股票核电	如何开户
1	核电概念股	核电
0	核电概念股	如何开户
1	核电概念股股票	核电
0	核电概念股股票	如何开户
1	什么股票核电概念股	核电
0	什么股票核电概念股	如何开户
1	白酒	白酒
0	白酒	如何开户
1	白酒股票	白酒
0	白酒股票	如何开户
1	什么股票白酒	白酒
0	什么股票白酒	如何开户
1	白酒概念股	白酒
0	白酒概念股	如何开户
1	白酒概念股股票	白酒
0	白酒概念股股票	如何开户
1	什么股票白酒概念股	白酒
0	什么股票白酒概念股	如何开户
1	白酒	白酒
0	白酒	如何开户
1	白酒股票	白酒
0	白酒股票	如何开户
1	什么股票白酒	白酒
0	什么股票白酒	如何开户
1	白酒概念股	白酒
0	白酒概念股	如何开户
1	白酒概念股股票	白酒
0	白酒概念股股票	如何开户
1	什么股票白酒概念股	白酒
0	什么股票白酒概念股	如何开户
1	高送转预期	高送转预期
0	高送转预期	如何开户
1	高送转预期股票	高送转预期
0	高送转预期股票	如何开户
1	什么股票高送转预期	高送转预期
0	什么股票高送转预期	如何开户
1	高送转预期	高送转预期
0	高送转预期	如何开户
1	高送转预期股票	高送转预期
0	高送转预期股票	如何开户
1	什么股票高送转预期	高送转预期
0	什么股票高送转预期	如何开户
1	低位横盘	低位横盘
0	低位横盘	如何开户
1	低位横盘股票	低位横盘
0	低位横盘股票	如何开户
1	什么股票低位横盘	低位横盘
0	什么股票低位横盘	如何开户
1	低位横盘	低位横盘
0	低位横盘	如何开户
1	低位横盘股票	低位横盘
0	低位横盘股票	如何开户
1	什么股票低位横盘	低位横盘
0	什么股票低位横盘	如何开户
1	超跌	超跌
0	超跌	如何开户
1	超跌股票	超跌
0	超跌股票	如何开户
1	什么股票超跌	超跌
0	什么股票超跌	如何开户
1	超跌	超跌
0	超跌	如何开户
1	超跌股票	超跌
0	超跌股票	如何开户
1	什么股票超跌	超跌
0	什么股票超跌	如何开户
1	强庄股	强庄股
0	强庄股	如何开户
1	强庄股股票	强庄股
0	强庄股股票	如何开户
1	什么股票强庄股	强庄股
0	什么股票强庄股	如何开户
1	强庄股票	强庄股
0	强庄股票	如何开户
1	什么票强庄股	强庄股
0	什么票强庄股	如何开户
1	强庄股	强庄股
0	强庄股	如何开户
1	强庄股股票	强庄股
0	强庄股股票	如何开户
1	什么股票强庄股	强庄股
0	什么股票强庄股	如何开户
1	强庄股票	强庄股
0	强庄股票	如何开户
1	什么票强庄股	强庄股
0	什么票强庄股	如何开户
1	单阳不破	单阳不破
0	单阳不破	如何开户
1	单阳不破股票	单阳不破
0	单阳不破股票	如何开户
1	什么股票单阳不破	单阳不破
0	什么股票单阳不破	如何开户
1	单阳不破	单阳不破
0	单阳不破	如何开户
1	单阳不破股票	单阳不破
0	单阳不破股票	如何开户
1	什么股票单阳不破	单阳不破
0	什么股票单阳不破	如何开户
1	红三兵	红三兵
0	红三兵	如何开户
1	红三兵股票	红三兵
0	红三兵股票	如何开户
1	什么股票红三兵	红三兵
0	什么股票红三兵	如何开户
1	红三兵	红三兵
0	红三兵	如何开户
1	红三兵股票	红三兵
0	红三兵股票	如何开户
1	什么股票红三兵	红三兵
0	什么股票红三兵	如何开户
1	蓝筹股	蓝筹股
0	蓝筹股	如何开户
1	蓝筹股股票	蓝筹股
0	蓝筹股股票	如何开户
1	什么股票蓝筹股	蓝筹股
0	什么股票蓝筹股	如何开户
1	蓝筹股	蓝筹股
0	蓝筹股	如何开户
1	蓝筹股股票	蓝筹股
0	蓝筹股股票	如何开户
1	什么股票蓝筹股	蓝筹股
0	什么股票蓝筹股	如何开户
1	国资委控股	国资委控股
0	国资委控股	如何开户
1	国资委控股股票	国资委控股
0	国资委控股股票	如何开户
1	什么股票国资委控股	国资委控股
0	什么股票国资委控股	如何开户
1	国资委控股	国资委控股
0	国资委控股	如何开户
1	国资委控股股票	国资委控股
0	国资委控股股票	如何开户
1	什么股票国资委控股	国资委控股
0	什么股票国资委控股	如何开户
1	借壳上市	借壳上市
0	借壳上市	如何开户
1	借壳上市股票	借壳上市
0	借壳上市股票	如何开户
1	什么股票借壳上市	借壳上市
0	什么股票借壳上市	如何开户
1	借壳上市	借壳上市
0	借壳上市	如何开户
1	借壳上市股票	借壳上市
0	借壳上市股票	如何开户
1	什么股票借壳上市	借壳上市
0	什么股票借壳上市	如何开户
1	双重底	双重底
0	双重底	如何开户
1	双重底股票	双重底
0	双重底股票	如何开户
1	什么股票双重底	双重底
0	什么股票双重底	如何开户
1	双重底	双重底
0	双重底	如何开户
1	双重底股票	双重底
0	双重底股票	如何开户
1	什么股票双重底	双重底
0	什么股票双重底	如何开户
1	国家队持股	国家队持股
0	国家队持股	如何开户
1	国家队持股股票	国家队持股
0	国家队持股股票	如何开户
1	什么股票国家队持股	国家队持股
0	什么股票国家队持股	如何开户
1	国家队	国家队持股
0	国家队	如何开户
1	国家队建仓	国家队持股
0	国家队建仓	如何开户
1	国家队持股	国家队持股
0	国家队持股	如何开户
1	国家队持股股票	国家队持股
0	国家队持股股票	如何开户
1	什么股票国家队持股	国家队持股
0	什么股票国家队持股	如何开户
1	国家队	国家队持股
0	国家队	如何开户
1	国家队建仓	国家队持股
0	国家队建仓	如何开户
1	底部放量	底部放量
0	底部放量	如何开户
1	底部放量股票	底部放量
0	底部放量股票	如何开户
1	什么股票底部放量	底部放量
0	什么股票底部放量	如何开户
1	底部放量	底部放量
0	底部放量	如何开户
1	底部放量股票	底部放量
0	底部放量股票	如何开户
1	什么股票底部放量	底部放量
0	什么股票底部放量	如何开户
1	下降通道	下降通道
0	下降通道	如何开户
1	下降通道股票	下降通道
0	下降通道股票	如何开户
1	什么股票下降通道	下降通道
0	什么股票下降通道	如何开户
1	下降通道	下降通道
0	下降通道	如何开户
1	下降通道股票	下降通道
0	下降通道股票	如何开户
1	什么股票下降通道	下降通道
0	什么股票下降通道	如何开户
1	平台整理	平台整理
0	平台整理	如何开户
1	平台整理股票	平台整理
0	平台整理股票	如何开户
1	什么股票平台整理	平台整理
0	什么股票平台整理	如何开户
1	平台整理	平台整理
0	平台整理	如何开户
1	平台整理股票	平台整理
0	平台整理股票	如何开户
1	什么股票平台整理	平台整理
0	什么股票平台整理	如何开户
1	空头排列	空头排列
0	空头排列	如何开户
1	空头排列股票	空头排列
0	空头排列股票	如何开户
1	什么股票空头排列	空头排列
0	什么股票空头排列	如何开户
1	空头排列	空头排列
0	空头排列	如何开户
1	空头排列股票	空头排列
0	空头排列股票	如何开户
1	什么股票空头排列	空头排列
0	什么股票空头排列	如何开户
1	光脚中阳线	光脚中阳线
0	光脚中阳线	如何开户
1	光脚中阳线股票	光脚中阳线
0	光脚中阳线股票	如何开户
1	什么股票光脚中阳线	光脚中阳线
0	什么股票光脚中阳线	如何开户
1	光脚中阳线	光脚中阳线
0	光脚中阳线	如何开户
1	光脚中阳线股票	光脚中阳线
0	光脚中阳线股票	如何开户
1	什么股票光脚中阳线	光脚中阳线
0	什么股票光脚中阳线	如何开户
1	光头大阳线	光头大阳线
0	光头大阳线	如何开户
1	光头大阳线股票	光头大阳线
0	光头大阳线股票	如何开户
1	什么股票光头大阳线	光头大阳线
0	什么股票光头大阳线	如何开户
1	光头大阳线	光头大阳线
0	光头大阳线	如何开户
1	光头大阳线股票	光头大阳线
0	光头大阳线股票	如何开户
1	什么股票光头大阳线	光头大阳线
0	什么股票光头大阳线	如何开户
1	小阴线	小阴线
0	小阴线	如何开户
1	小阴线股票	小阴线
0	小阴线股票	如何开户
1	什么股票小阴线	小阴线
0	什么股票小阴线	如何开户
1	小阴线	小阴线
0	小阴线	如何开户
1	小阴线股票	小阴线
0	小阴线股票	如何开户
1	什么股票小阴线	小阴线
0	什么股票小阴线	如何开户
1	三连阳	三连阳
0	三连阳	如何开户
1	三连阳股票	三连阳
0	三连阳股票	如何开户
1	什么股票三连阳	三连阳
0	什么股票三连阳	如何开户
1	三连阳	三连阳
0	三连阳	如何开户
1	三连阳股票	三连阳
0	三连阳股票	如何开户
1	什么股票三连阳	三连阳
0	什么股票三连阳	如何开户
1	高位横盘	高位横盘
0	高位横盘	如何开户
1	高位横盘股票	高位横盘
0	高位横盘股票	如何开户
1	什么股票高位横盘	高位横盘
0	什么股票高位横盘	如何开户
1	高位横盘	高位横盘
0	高位横盘	如何开户
1	高位横盘股票	高位横盘
0	高位横盘股票	如何开户
1	什么股票高位横盘	高位横盘
0	什么股票高位横盘	如何开户
1	出水芙蓉	出水芙蓉
0	出水芙蓉	如何开户
1	出水芙蓉股票	出水芙蓉
0	出水芙蓉股票	如何开户
1	什么股票出水芙蓉	出水芙蓉
0	什么股票出水芙蓉	如何开户
1	出水芙蓉	出水芙蓉
0	出水芙蓉	如何开户
1	出水芙蓉股票	出水芙蓉
0	出水芙蓉股票	如何开户
1	什么股票出水芙蓉	出水芙蓉
0	什么股票出水芙蓉	如何开户
1	仙人指路	仙人指路
0	仙人指路	如何开户
1	仙人指路股票	仙人指路
0	仙人指路股票	如何开户
1	什么股票仙人指路	仙人指路
0	什么股票仙人指路	如何开户
1	仙人指路	仙人指路
0	仙人指路	如何开户
1	仙人指路股票	仙人指路
0	仙人指路股票	如何开户
1	什么股票仙人指路	仙人指路
0	什么股票仙人指路	如何开户
1	蜻蜓点水	蜻蜓点水
0	蜻蜓点水	如何开户
1	蜻蜓点水股票	蜻蜓点水
0	蜻蜓点水股票	如何开户
1	什么股票蜻蜓点水	蜻蜓点水
0	什么股票蜻蜓点水	如何开户
1	蜻蜓点水	蜻蜓点水
0	蜻蜓点水	如何开户
1	蜻蜓点水股票	蜻蜓点水
0	蜻蜓点水股票	如何开户
1	什么股票蜻蜓点水	蜻蜓点水
0	什么股票蜻蜓点水	如何开户
1	老鸭头	老鸭头
0	老鸭头	如何开户
1	老鸭头股票	老鸭头
0	老鸭头股票	如何开户
1	什么股票老鸭头	老鸭头
0	什么股票老鸭头	如何开户
1	老鸭头	老鸭头
0	老鸭头	如何开户
1	老鸭头股票	老鸭头
0	老鸭头股票	如何开户
1	什么股票老鸭头	老鸭头
0	什么股票老鸭头	如何开户
1	顶部放量	顶部放量
0	顶部放量	如何开户
1	顶部放量股票	顶部放量
0	顶部放量股票	如何开户
1	什么股票顶部放量	顶部放量
0	什么股票顶部放量	如何开户
1	顶部放量	顶部放量
0	顶部放量	如何开户
1	顶部放量股票	顶部放量
0	顶部放量股票	如何开户
1	什么股票顶部放量	顶部放量
0	什么股票顶部放量	如何开户
1	火箭升空	火箭升空
0	火箭升空	如何开户
1	火箭升空股票	火箭升空
0	火箭升空股票	如何开户
1	什么股票火箭升空	火箭升空
0	什么股票火箭升空	如何开户
1	火箭升空	火箭升空
0	火箭升空	如何开户
1	火箭升空股票	火箭升空
0	火箭升空股票	如何开户
1	什么股票火箭升空	火箭升空
0	什么股票火箭升空	如何开户
1	金蜘蛛	金蜘蛛
0	金蜘蛛	如何开户
1	金蜘蛛股票	金蜘蛛
0	金蜘蛛股票	如何开户
1	什么股票金蜘蛛	金蜘蛛
0	什么股票金蜘蛛	如何开户
1	金蜘蛛	金蜘蛛
0	金蜘蛛	如何开户
1	金蜘蛛股票	金蜘蛛
0	金蜘蛛股票	如何开户
1	什么股票金蜘蛛	金蜘蛛
0	什么股票金蜘蛛	如何开户
1	仙鹤指针	仙鹤指针
0	仙鹤指针	如何开户
1	仙鹤指针股票	仙鹤指针
0	仙鹤指针股票	如何开户
1	什么股票仙鹤指针	仙鹤指针
0	什么股票仙鹤指针	如何开户
1	仙鹤指针	仙鹤指针
0	仙鹤指针	如何开户
1	仙鹤指针股票	仙鹤指针
0	仙鹤指针股票	如何开户
1	什么股票仙鹤指针	仙鹤指针
0	什么股票仙鹤指针	如何开户
1	金针探底	金针探底
0	金针探底	如何开户
1	金针探底股票	金针探底
0	金针探底股票	如何开户
1	什么股票金针探底	金针探底
0	什么股票金针探底	如何开户
1	金针探底	金针探底
0	金针探底	如何开户
1	金针探底股票	金针探底
0	金针探底股票	如何开户
1	什么股票金针探底	金针探底
0	什么股票金针探底	如何开户
1	股价上穿250日线	股价上穿250日线
0	股价上穿250日线	如何开户
1	股价上穿250日线股票	股价上穿250日线
0	股价上穿250日线股票	如何开户
1	什么股票股价上穿250日线	股价上穿250日线
0	什么股票股价上穿250日线	如何开户
1	股价上穿250日线	股价上穿250日线
0	股价上穿250日线	如何开户
1	股价上穿250日线股票	股价上穿250日线
0	股价上穿250日线股票	如何开户
1	什么股票股价上穿250日线	股价上穿250日线
0	什么股票股价上穿250日线	如何开户
1	股票名称筹码	股票名称筹码
0	股票名称筹码	如何开户
1	股票名称筹码分布	股票名称筹码
0	股票名称筹码分布	如何开户
1	股票名称筹码	股票名称筹码
0	股票名称筹码	如何开户
1	股票名称筹码分布	股票名称筹码
0	股票名称筹码分布	如何开户
1	股票名称回看	股票名称回看
0	股票名称回看	如何开户
1	股票名称历史回看	股票名称回看
0	股票名称历史回看	如何开户
1	股票名称回看	股票名称回看
0	股票名称回看	如何开户
1	股票名称历史回看	股票名称回看
0	股票名称历史回看	如何开户
1	马尔萨斯回看	马尔萨斯回看
0	马尔萨斯回看	如何开户
1	马尔萨斯历史回看	马尔萨斯回看
0	马尔萨斯历史回看	如何开户
1	马尔萨斯回看	马尔萨斯回看
0	马尔萨斯回看	如何开户
1	马尔萨斯历史回看	马尔萨斯回看
0	马尔萨斯历史回看	如何开户
1	股票名称相似k线	股票名称相似k线
0	股票名称相似k线	如何开户
1	股票名称相似k线	股票名称相似k线
0	股票名称相似k线	如何开户
1	马尔萨斯相似k线	马尔萨斯相似k线
0	马尔萨斯相似k线	如何开户
1	马尔萨斯相似k线	马尔萨斯相似k线
0	马尔萨斯相似k线	如何开户
1	股票名称多空信号	股票名称多空信号
0	股票名称多空信号	如何开户
1	马尔萨斯多空信号	马尔萨斯多空信号
0	马尔萨斯多空信号	如何开户
1	股票名称融资融券	股票名称融资融券
0	股票名称融资融券	如何开户
1	股票名称融资追击	股票名称融资融券
0	股票名称融资追击	如何开户
1	股票名称融资融券	股票名称融资融券
0	股票名称融资融券	如何开户
1	股票名称融资追击	股票名称融资融券
0	股票名称融资追击	如何开户
1	股票名称个股画像	股票名称个股画像
0	股票名称个股画像	如何开户
1	股票名称个股画像	股票名称个股画像
0	股票名称个股画像	如何开户
1	马尔萨斯个股画像	马尔萨斯个股画像
0	马尔萨斯个股画像	如何开户
1	马尔萨斯个股画像	马尔萨斯个股画像
0	马尔萨斯个股画像	如何开户
1	热门	热门
0	热门	如何开户
1	热门事件	热门
0	热门事件	如何开户
1	今天热门	热门
0	今天热门	如何开户
1	市场热门	热门
0	市场热门	如何开户
1	热门点评	热门
0	热门点评	如何开户
1	今日热点	热门
0	今日热点	如何开户
1	热门	热门
0	热门	如何开户
1	热门事件	热门
0	热门事件	如何开户
1	今天热门	热门
0	今天热门	如何开户
1	市场热门	热门
0	市场热门	如何开户
1	热门点评	热门
0	热门点评	如何开户
1	今日热点	热门
0	今日热点	如何开户
